{
    "x0": -5.0,
    "x1": 10.0,
    "x2": 5.809150329314418,
    "x3": 10.0,
    "x4": 10.0,
    "x5": -5.0,
    "x6": 10.0,
    "x7": 10.0,
    "x8": -5.0,
    "x9": 10.0,
    "x10": 10.0,
    "x11": 10.0,
    "x12": 10.0,
    "x13": -5.0,
    "x14": -5.0,
    "x15": 10.0,
    "x16": 10.0,
    "x17": 10.0,
    "x18": 10.0,
    "x19": -5.0,
    "x20": 0.525933994182247,
    "x21": 10.0,
    "x22": 10.0,
    "x23": 3.1266988455812594,
    "x24": -1.4602963387945684,
    "x25": 0.0,
    "x26": 0.0,
    "x27": 0.0,
    "x28": 15.0,
    "x29": 0.0,
    "x30": 2.356747606499355,
    "x31": 5.238547628647872,
    "x32": 0.0,
    "x33": 0.0,
    "x34": 15.0,
    "x35": 14.703249278320635,
    "x36": 6.298501713667076,
    "x37": 0.0,
    "x38": 15.0,
    "x39": 0.0,
    "x40": 15.0,
    "x41": 15.0,
    "x42": 14.813831824930839,
    "x43": 15.0,
    "x44": 13.117119037063302,
    "x45": 15.0,
    "x46": 0.0,
    "x47": 0.0,
    "x48": 0.0,
    "x49": 15.0
}