{
    "branin": {
        "x2": 3.1498143988839153,
        "x27": 2.2167285716814455
    }
}