{
    "x0": 10.0,
    "x1": -5.0,
    "x2": 3.1498143988839153,
    "x3": -5.0,
    "x4": -4.81383953301024,
    "x5": -5.0,
    "x6": 10.0,
    "x7": 4.934968386496724,
    "x8": 10.0,
    "x9": 10.0,
    "x10": 10.0,
    "x11": -5.0,
    "x12": -5.0,
    "x13": -5.0,
    "x14": 10.0,
    "x15": -5.0,
    "x16": -4.241371010047688,
    "x17": 10.0,
    "x18": 10.0,
    "x19": 9.458887184204663,
    "x20": 10.0,
    "x21": 9.347509152839649,
    "x22": -5.0,
    "x23": -1.3191522448800752,
    "x24": 10.0,
    "x25": 15.0,
    "x26": 0.0,
    "x27": 2.2167285716814455,
    "x28": 15.0,
    "x29": 0.0,
    "x30": 15.0,
    "x31": 0.0,
    "x32": 15.0,
    "x33": 0.0,
    "x34": 15.0,
    "x35": 0.0,
    "x36": 15.0,
    "x37": 15.0,
    "x38": 15.0,
    "x39": 13.854041567139571,
    "x40": 0.0,
    "x41": 15.0,
    "x42": 2.770547937638167,
    "x43": 15.0,
    "x44": 15.0,
    "x45": 0.0,
    "x46": 15.0,
    "x47": 0.0,
    "x48": 0.0,
    "x49": 2.8593712561789637
}