{
    "__type": "Trial",
    "index": 49,
    "trial_type": null,
    "ttl_seconds": null,
    "status": {
        "__type": "TrialStatus",
        "name": "CANDIDATE"
    },
    "time_created": {
        "__type": "datetime",
        "value": "2023-09-04 15:03:33.847374"
    },
    "time_completed": null,
    "time_staged": null,
    "time_run_started": null,
    "abandoned_reason": null,
    "run_metadata": {},
    "stop_metadata": {},
    "generator_run": {
        "__type": "GeneratorRun",
        "arms": [
            {
                "__type": "Arm",
                "parameters": {
                    "x0": 10.0,
                    "x1": -5.0,
                    "x2": 3.1498143988839153,
                    "x3": -5.0,
                    "x4": -4.81383953301024,
                    "x5": -5.0,
                    "x6": 10.0,
                    "x7": 4.934968386496724,
                    "x8": 10.0,
                    "x9": 10.0,
                    "x10": 10.0,
                    "x11": -5.0,
                    "x12": -5.0,
                    "x13": -5.0,
                    "x14": 10.0,
                    "x15": -5.0,
                    "x16": -4.241371010047688,
                    "x17": 10.0,
                    "x18": 10.0,
                    "x19": 9.458887184204663,
                    "x20": 10.0,
                    "x21": 9.347509152839649,
                    "x22": -5.0,
                    "x23": -1.3191522448800752,
                    "x24": 10.0,
                    "x25": 15.0,
                    "x26": 0.0,
                    "x27": 2.2167285716814455,
                    "x28": 15.0,
                    "x29": 0.0,
                    "x30": 15.0,
                    "x31": 0.0,
                    "x32": 15.0,
                    "x33": 0.0,
                    "x34": 15.0,
                    "x35": 0.0,
                    "x36": 15.0,
                    "x37": 15.0,
                    "x38": 15.0,
                    "x39": 13.854041567139571,
                    "x40": 0.0,
                    "x41": 15.0,
                    "x42": 2.770547937638167,
                    "x43": 15.0,
                    "x44": 15.0,
                    "x45": 0.0,
                    "x46": 15.0,
                    "x47": 0.0,
                    "x48": 0.0,
                    "x49": 2.8593712561789637
                },
                "name": "49_0"
            }
        ],
        "weights": [
            1.0
        ],
        "optimization_config": null,
        "search_space": null,
        "time_created": {
            "__type": "datetime",
            "value": "2023-09-04 15:03:33.847324"
        },
        "model_predictions": [
            {
                "branin": [
                    0.40094270123089615
                ]
            },
            {
                "branin": {
                    "branin": [
                        0.02573257743580785
                    ]
                }
            }
        ],
        "best_arm_predictions": [
            {
                "__type": "Arm",
                "parameters": {
                    "x0": 10.0,
                    "x1": -5.0,
                    "x2": 9.464874086072289,
                    "x3": -5.0,
                    "x4": 10.0,
                    "x5": 10.0,
                    "x6": 10.0,
                    "x7": 10.0,
                    "x8": -5.0,
                    "x9": -5.0,
                    "x10": 10.0,
                    "x11": 3.722012155666503,
                    "x12": -5.0,
                    "x13": 10.0,
                    "x14": 10.0,
                    "x15": 10.0,
                    "x16": 10.0,
                    "x17": -5.0,
                    "x18": -5.0,
                    "x19": 10.0,
                    "x20": -5.0,
                    "x21": 10.0,
                    "x22": -5.0,
                    "x23": -5.0,
                    "x24": -5.0,
                    "x25": 15.0,
                    "x26": 0.0,
                    "x27": 2.6553106083649376,
                    "x28": 0.0,
                    "x29": 15.0,
                    "x30": 0.0,
                    "x31": 15.0,
                    "x32": 15.0,
                    "x33": 0.0,
                    "x34": 0.0,
                    "x35": 0.0,
                    "x36": 15.0,
                    "x37": 15.0,
                    "x38": 0.0,
                    "x39": 15.0,
                    "x40": 0.0,
                    "x41": 15.0,
                    "x42": 15.0,
                    "x43": 0.0,
                    "x44": 0.0,
                    "x45": 15.0,
                    "x46": 15.0,
                    "x47": 0.0,
                    "x48": 0.0,
                    "x49": 15.0
                },
                "name": "33_0"
            },
            [
                {
                    "branin": 0.4274969746467008
                },
                {
                    "branin": {
                        "branin": 0.0022260317457595386
                    }
                }
            ]
        ],
        "generator_run_type": null,
        "index": 0,
        "fit_time": 45.88717320799333,
        "gen_time": 4.807428499996604,
        "model_key": "FullyBayesian",
        "model_kwargs": {
            "model_constructor": {
                "is_callable_as_path": true,
                "value": "ax.models.torch.fully_bayesian.get_and_fit_model_mcmc"
            },
            "model_predictor": {
                "is_callable_as_path": true,
                "value": "ax.models.torch.fully_bayesian.predict_from_model_mcmc"
            },
            "acqf_constructor": {
                "is_callable_as_path": true,
                "value": "ax.models.torch.fully_bayesian.get_fully_bayesian_acqf"
            },
            "acqf_optimizer": {
                "is_callable_as_path": true,
                "value": "ax.models.torch.botorch_defaults.scipy_optimizer"
            },
            "best_point_recommender": {
                "is_callable_as_path": true,
                "value": "ax.models.torch.botorch_defaults.recommend_best_observed_point"
            },
            "refit_on_cv": false,
            "refit_on_update": true,
            "warm_start_refitting": true,
            "use_input_warping": false,
            "use_saas": null,
            "num_samples": 256,
            "warmup_steps": 512,
            "thinning": 16,
            "max_tree_depth": 6,
            "disable_progbar": false,
            "gp_kernel": "matern",
            "verbose": true,
            "jit_compile": false
        },
        "bridge_kwargs": {
            "transform_configs": {
                "Derelativize": {
                    "use_raw_status_quo": false
                },
                "Winsorize": {
                    "derelativize_with_raw_status_quo": false
                }
            },
            "torch_dtype": {
                "__type": "torch_dtype",
                "value": "torch.float64"
            },
            "torch_device": null,
            "status_quo_name": null,
            "status_quo_features": null,
            "optimization_config": null,
            "fit_out_of_design": false,
            "fit_abandoned": false,
            "fit_tracking_metrics": true,
            "fit_on_init": true,
            "default_model_gen_options": null,
            "transforms": [
                {
                    "__type": "Type[Transform]",
                    "index_in_registry": 16,
                    "transform_type": "<class 'ax.modelbridge.transforms.winsorize.Winsorize'>"
                },
                {
                    "__type": "Type[Transform]",
                    "index_in_registry": 9,
                    "transform_type": "<class 'ax.modelbridge.transforms.remove_fixed.RemoveFixed'>"
                },
                {
                    "__type": "Type[Transform]",