{
    "branin": {
        "x2": 3.16398579264089,
        "x27": 1.2107645380422314
    }
}