{
    "x0": 10.0,
    "x1": -5.0,
    "x2": 3.16398579264089,
    "x3": 10.0,
    "x4": 10.0,
    "x5": 10.0,
    "x6": 10.0,
    "x7": -5.0,
    "x8": 10.0,
    "x9": -5.0,
    "x10": -5.0,
    "x11": 10.0,
    "x12": -5.0,
    "x13": -5.0,
    "x14": 10.0,
    "x15": -5.0,
    "x16": -5.0,
    "x17": -5.0,
    "x18": 10.0,
    "x19": 1.129277087267747,
    "x20": -5.0,
    "x21": -5.0,
    "x22": 10.0,
    "x23": -5.0,
    "x24": -5.0,
    "x25": 15.0,
    "x26": 15.0,
    "x27": 1.2107645380422314,
    "x28": 0.0,
    "x29": 15.0,
    "x30": 15.0,
    "x31": 0.0,
    "x32": 15.0,
    "x33": 15.0,
    "x34": 0.0,
    "x35": 0.0,
    "x36": 15.0,
    "x37": 15.0,
    "x38": 0.0,
    "x39": 0.0,
    "x40": 0.0,
    "x41": 0.0,
    "x42": 15.0,
    "x43": 15.0,
    "x44": 0.0,
    "x45": 15.0,
    "x46": 15.0,
    "x47": 15.0,
    "x48": 15.0,
    "x49": 0.0
}