{
    "x0": 0.419608099386096,
    "x1": 0.11138143111020327,
    "x2": 0.5670221205800772,
    "x3": 0.9659849843010306,
    "x4": 0.14916173927485943,
    "x5": 0.15296724531799555
}