{
    "x0": 0.1653478175583461,
    "x1": 0.14858214134407383,
    "x2": 0.5062228968219428,
    "x3": 0.27878953783503385,
    "x4": 0.3204370220164205,
    "x5": 0.7011699778827155
}