{
    "branin": {
        "x2": 0.6504505034536123,
        "x27": 11.8358571594581
    }
}