{
    "x0": -2.214333852753043,
    "x1": 0.4488365910947323,
    "x2": 0.6504505034536123,
    "x3": -3.0966626573354006,
    "x4": 5.612460891716182,
    "x5": 8.243999402038753,
    "x6": 5.463610137812793,
    "x7": -4.202804705128074,
    "x8": 5.830035121180117,
    "x9": 1.2682371819391847,
    "x10": 4.6142615377902985,
    "x11": 9.769403184764087,
    "x12": 7.811280018649995,
    "x13": 1.1974312784150243,
    "x14": -3.0625815177336335,
    "x15": -4.613367379643023,
    "x16": 8.17959735635668,
    "x17": 2.0601523527875543,
    "x18": 5.684409067034721,
    "x19": 2.2866947017610073,
    "x20": 1.07635579071939,
    "x21": 6.876560742966831,
    "x22": 8.30782207660377,
    "x23": 3.037528181448579,
    "x24": -3.770173122175038,
    "x25": 11.289669228717685,
    "x26": 0.0991829764097929,
    "x27": 11.8358571594581,
    "x28": 8.583404277451336,
    "x29": 7.9829635843634605,
    "x30": 0.7109365565702319,
    "x31": 0.5083471862599254,
    "x32": 3.944695796817541,
    "x33": 13.800797145813704,
    "x34": 4.91646125447005,
    "x35": 11.878056870773435,
    "x36": 6.422993866726756,
    "x37": 13.457844899967313,
    "x38": 5.679307286627591,
    "x39": 0.7322466233745217,
    "x40": 6.644781022332609,
    "x41": 3.271348737180233,
    "x42": 11.778887417167425,
    "x43": 5.691674631088972,
    "x44": 14.0269365767017,
    "x45": 9.49300731997937,
    "x46": 7.966699157841504,
    "x47": 8.354551303200424,
    "x48": 7.724540387280285,
    "x49": 8.211546465754509
}