{
    "__type": "Trial",
    "index": 1,
    "trial_type": null,
    "ttl_seconds": null,
    "status": {
        "__type": "TrialStatus",
        "name": "CANDIDATE"
    },
    "time_created": {
        "__type": "datetime",
        "value": "2023-09-04 14:43:51.078490"
    },
    "time_completed": null,
    "time_staged": null,
    "time_run_started": null,
    "abandoned_reason": null,
    "run_metadata": {},
    "stop_metadata": {},
    "generator_run": {
        "__type": "GeneratorRun",
        "arms": [
            {
                "__type": "Arm",
                "parameters": {
                    "x0": -2.214333852753043,
                    "x1": 0.4488365910947323,
                    "x2": 0.6504505034536123,
                    "x3": -3.0966626573354006,
                    "x4": 5.612460891716182,
                    "x5": 8.243999402038753,
                    "x6": 5.463610137812793,
                    "x7": -4.202804705128074,
                    "x8": 5.830035121180117,
                    "x9": 1.2682371819391847,
                    "x10": 4.6142615377902985,
                    "x11": 9.769403184764087,
                    "x12": 7.811280018649995,
                    "x13": 1.1974312784150243,
                    "x14": -3.0625815177336335,
                    "x15": -4.613367379643023,
                    "x16": 8.17959735635668,
                    "x17": 2.0601523527875543,
                    "x18": 5.684409067034721,
                    "x19": 2.2866947017610073,
                    "x20": 1.07635579071939,
                    "x21": 6.876560742966831,
                    "x22": 8.30782207660377,
                    "x23": 3.037528181448579,
                    "x24": -3.770173122175038,
                    "x25": 11.289669228717685,
                    "x26": 0.0991829764097929,
                    "x27": 11.8358571594581,
                    "x28": 8.583404277451336,
                    "x29": 7.9829635843634605,
                    "x30": 0.7109365565702319,
                    "x31": 0.5083471862599254,
                    "x32": 3.944695796817541,
                    "x33": 13.800797145813704,
                    "x34": 4.91646125447005,
                    "x35": 11.878056870773435,
                    "x36": 6.422993866726756,
                    "x37": 13.457844899967313,
                    "x38": 5.679307286627591,
                    "x39": 0.7322466233745217,
                    "x40": 6.644781022332609,
                    "x41": 3.271348737180233,
                    "x42": 11.778887417167425,
                    "x43": 5.691674631088972,
                    "x44": 14.0269365767017,
                    "x45": 9.49300731997937,
                    "x46": 7.966699157841504,
                    "x47": 8.354551303200424,
                    "x48": 7.724540387280285,
                    "x49": 8.211546465754509
                },
                "name": "1_0"
            }
        ],
        "weights": [
            1.0
        ],
        "optimization_config": null,
        "search_space": null,
        "time_created": {
            "__type": "datetime",
            "value": "2023-09-04 14:43:51.078402"
        },
        "model_predictions": null,
        "best_arm_predictions": null,
        "generator_run_type": null,
        "index": 0,
        "fit_time": 0.004299415995774325,
        "gen_time": 0.006667875000857748,
        "model_key": "Sobol",
        "model_kwargs": {
            "seed": null,
            "deduplicate": true,
            "init_position": 1,
            "scramble": true,
            "generated_points": {
                "__type": "ndarray",
                "value": [
                    [
                        0.8104361295700073,
                        0.8064610958099365,
                        0.6762935519218445,
                        0.2673487961292267,
                        0.1206124797463417,
                        0.23235847055912018,
                        0.3823636770248413,
                        0.41522732377052307,
                        0.42792680859565735,
                        0.632921040058136,
                        0.6630949974060059,
                        0.4856862425804138,
                        0.6804084777832031,
                        0.1598886102437973,
                        0.03460404649376869,
                        0.8277562260627747,
                        0.6327760815620422,
                        0.9618996381759644,
                        0.691016435623169,
                        0.6290262341499329,
                        0.13628743588924408,
                        0.1264481395483017,
                        0.42290428280830383,
                        0.5454329252243042,
                        0.8362874984741211,
                        0.7551973462104797,
                        0.22683027386665344,
                        0.5523304343223572,
                        0.7049106359481812,
                        0.2876696288585663,
                        0.3564217984676361,
                        0.8334231376647949,
                        0.9423403143882751,
                        0.38073575496673584,
                        0.5364506244659424,
                        0.7137260437011719,
                        0.8543903231620789,
                        0.6247060298919678,
                        0.2896695137023926,
                        0.17728778719902039,
                        0.5065475106239319,
                        0.4992964565753937,
                        0.1799965649843216,
                        0.3793635368347168,
                        0.49460911750793457,
                        0.8394135236740112,
                        0.10691829025745392,
                        0.06636042147874832,
                        0.5969638824462891,
                        0.38394489884376526
                    ]
                ]
            },
            "fallback_to_sample_polytope": false
        },
        "bridge_kwargs": {
            "transforms": [
                {
                    "__type": "Type[Transform]",
                    "index_in_registry": 9,
                    "transform_type": "<class 'ax.modelbridge.transforms.remove_fixed.RemoveFixed'>"
                },
                {
                    "__type": "Type[Transform]",
                    "index_in_registry": 7,
                    "transform_type": "<class 'ax.modelbridge.transforms.choice_encode.OrderedChoiceEncode'>"
                },
                {
                    "__type": "Type[Transform]",
                    "index_in_registry": 6,
                    "transform_type": "<class 'ax.modelbridge.transforms.one_hot.OneHot'>"
                },
                {
                    "__type": "Type[Transform]",
                    "index_in_registry": 3,
                    "transform_type": "<class 'ax.modelbridge.transforms.int_to_float.IntToFloat'>"
                },
                {
                    "__type": "Type[Transform]",
                    "index_in_registry": 5,
                    "transform_type": "<class 'ax.modelbridge.transforms.log.Log'>"
                },
                {
                    "__type": "Type[Transform]",
                    "index_in_registry": 20,
                    "transform_type": "<class 'ax.modelbridge.transforms.logit.Logit'>"
                },
                {
                    "__type": "Type[Transform]",
                    "index_in_registry": 15,
                    "transform_type": "<class 'ax.modelbridge.transforms.unit_x.UnitX'>"
                }
            ],
            "transform_configs": null,
            "status_quo_name": null,
            "status_quo_features": null,
            "optimization_config": null,
            "fit_out_of_design": false,
            "fit_abandoned": false,
            "fit_tracking_metrics": true,