{
    "x0": 10.0,
    "x1": 4.394602589057174,
    "x2": -3.660456675936193,
    "x3": -1.5404448249205331,
    "x4": -5.0,
    "x5": 6.3406119304592,
    "x6": -2.7144537625597027,
    "x7": -5.0,
    "x8": 5.143219132649632,
    "x9": 10.0,
    "x10": -5.0,
    "x11": 10.0,
    "x12": 2.8911766670064356,
    "x13": 10.0,
    "x14": -5.0,
    "x15": 0.9561613008813046,
    "x16": -3.23520687513009,
    "x17": -5.0,
    "x18": 3.782297395755503,
    "x19": -0.19129969709147332,
    "x20": -5.0,
    "x21": -5.0,
    "x22": 10.0,
    "x23": 10.0,
    "x24": 5.496610294278762,
    "x25": 13.393727946771657,
    "x26": 2.2714563621535695,
    "x27": 15.0,
    "x28": 0.0,
    "x29": 15.0,
    "x30": 15.0,
    "x31": 0.0,
    "x32": 15.0,
    "x33": 15.0,
    "x34": 0.0,
    "x35": 0.0,
    "x36": 15.0,
    "x37": 15.0,
    "x38": 0.0,
    "x39": 9.46331822052395,
    "x40": 0.0,
    "x41": 12.042899031728709,
    "x42": 15.0,
    "x43": 15.0,
    "x44": 0.33464390099127866,
    "x45": 15.0,
    "x46": 15.0,
    "x47": 14.081753554114327,
    "x48": 13.687942582509578,
    "x49": 13.025222299998903
}