{
    "x0": 0.48648681880492806,
    "x1": 0.08571646372113505,
    "x2": 0.30675035964055514,
    "x3": 0.2622299681219922,
    "x4": 0.2908200856299009,
    "x5": 0.7540613904493871
}