{
    "x0": 0.19519787435743802,
    "x1": 0.1569157570786509,
    "x2": 0.4841680376949423,
    "x3": 0.2680801927472158,
    "x4": 0.31269615136244217,
    "x5": 0.660678260622951
}