{
    "x0": 0.4346616677939892,
    "x1": 0.05370478983968496,
    "x2": 0.44590906891971827,
    "x3": 0.35329228918999434,
    "x4": 0.21288970485329628,
    "x5": 0.07342385873198509
}