{
    "x0": 0.3672488646228318,
    "x1": 0.19601931321176752,
    "x2": 0.378471796402388,
    "x3": 0.26983158728399503,
    "x4": 0.2101989542098269,
    "x5": 0.7089845809057355
}