{
    "x0": 10.0,
    "x1": -5.0,
    "x2": -5.0,
    "x3": -2.6890880702960858,
    "x4": 10.0,
    "x5": 3.3795726097780747,
    "x6": 10.0,
    "x7": -5.0,
    "x8": 10.0,
    "x9": 7.533494023549558,
    "x10": -5.0,
    "x11": -4.885703796447838,
    "x12": -5.0,
    "x13": -5.0,
    "x14": 10.0,
    "x15": 10.0,
    "x16": -5.0,
    "x17": -5.0,
    "x18": 10.0,
    "x19": -5.0,
    "x20": 0.2585757758855225,
    "x21": 3.650325270080824,
    "x22": 10.0,
    "x23": -5.0,
    "x24": -5.0,
    "x25": 14.191165778058673,
    "x26": 0.0,
    "x27": 15.0,
    "x28": 0.0,
    "x29": 15.0,
    "x30": 15.0,
    "x31": 0.0,
    "x32": 15.0,
    "x33": 0.0,
    "x34": 0.0,
    "x35": 0.0,
    "x36": 0.0,
    "x37": 0.0,
    "x38": 5.7371576219116776,
    "x39": 0.0,
    "x40": 15.0,
    "x41": 0.0,
    "x42": 15.0,
    "x43": 15.0,
    "x44": 0.0,
    "x45": 13.911591224589712,
    "x46": 15.0,
    "x47": 0.0,
    "x48": 15.0,
    "x49": 0.0
}