{
    "x0": 0.3239260111004114,
    "x1": 0.9805985279381275,
    "x2": 0.1514215860515833,
    "x3": 0.9384361999109387,
    "x4": 0.3036146014928818,
    "x5": 0.5394862797111273
}