{
    "x0": -5.0,
    "x1": 10.0,
    "x2": 10.0,
    "x3": 10.0,
    "x4": 10.0,
    "x5": 10.0,
    "x6": 10.0,
    "x7": 10.0,
    "x8": -5.0,
    "x9": -5.0,
    "x10": 10.0,
    "x11": 10.0,
    "x12": 10.0,
    "x13": -2.075300248406629,
    "x14": -1.5375335178904739,
    "x15": 10.0,
    "x16": -5.0,
    "x17": 10.0,
    "x18": -5.0,
    "x19": -5.0,
    "x20": -5.0,
    "x21": 10.0,
    "x22": -5.0,
    "x23": -5.0,
    "x24": -5.0,
    "x25": 15.0,
    "x26": 6.424583653940013,
    "x27": 3.70262360208601,
    "x28": 15.0,
    "x29": 0.0,
    "x30": 0.0,
    "x31": 0.0,
    "x32": 0.0,
    "x33": 6.641233106615978,
    "x34": 15.0,
    "x35": 15.0,
    "x36": 15.0,
    "x37": 0.0,
    "x38": 0.0,
    "x39": 0.0,
    "x40": 15.0,
    "x41": 0.0,
    "x42": 0.0,
    "x43": 0.0,
    "x44": 15.0,
    "x45": 15.0,
    "x46": 4.17508623144639,
    "x47": 4.464339977009012,
    "x48": 0.0,
    "x49": 15.0
}