{
    "branin": {
        "x2": -3.688286249334067,
        "x27": 13.279989523919255
    }
}