{
    "x0": -2.7745395295782216,
    "x1": -5.0,
    "x2": -3.688286249334067,
    "x3": 10.0,
    "x4": 10.0,
    "x5": 10.0,
    "x6": 10.0,
    "x7": 3.346623508502967,
    "x8": -5.0,
    "x9": -5.0,
    "x10": -5.0,
    "x11": -5.0,
    "x12": 10.0,
    "x13": -5.0,
    "x14": 10.0,
    "x15": -5.0,
    "x16": 10.0,
    "x17": -5.0,
    "x18": 10.0,
    "x19": 10.0,
    "x20": 10.0,
    "x21": 10.0,
    "x22": -5.0,
    "x23": 10.0,
    "x24": -5.0,
    "x25": 15.0,
    "x26": 0.0,
    "x27": 13.279989523919255,
    "x28": 15.0,
    "x29": 0.0,
    "x30": 15.0,
    "x31": 0.0,
    "x32": 15.0,
    "x33": 0.0,
    "x34": 1.1564378644384354,
    "x35": 15.0,
    "x36": 15.0,
    "x37": 15.0,
    "x38": 15.0,
    "x39": 15.0,
    "x40": 15.0,
    "x41": 0.0,
    "x42": 15.0,
    "x43": 0.0,
    "x44": 0.0,
    "x45": 15.0,
    "x46": 15.0,
    "x47": 0.0,
    "x48": 0.0,
    "x49": 0.0
}