{
    "x0": 0.38822016492486,
    "x1": 0.5634880857542157,
    "x2": 0.06349657569080591,
    "x3": 0.586815582588315,
    "x4": 0.1930325422435999,
    "x5": 0.4764972757548094
}