{
    "x0": 0.6014450573186232,
    "x1": 0.22357186720063474,
    "x2": 0.10271780845114482,
    "x3": 0.23571551389980205,
    "x4": 0.3640319394392901,
    "x5": 0.5527630475725188
}