{
    "x0": 0.28129667194224284,
    "x1": 0.09210807002397693,
    "x2": 0.38689725195704,
    "x3": 0.37045270219860366,
    "x4": 0.29263425480965943,
    "x5": 0.6691964964006739
}