{
    "x0": 0.2531581846997142,
    "x1": 0.11047251243144274,
    "x2": 0.5393128488212824,
    "x3": 0.05897045601159334,
    "x4": 0.6386594297364354,
    "x5": 0.7338898032903671
}