{
    "x0": 0.8251530807465315,
    "x1": 0.14393217395991087,
    "x2": 0.008295905776321888,
    "x3": 0.4992242632433772,
    "x4": 0.17473742552101612,
    "x5": 0.10271188151091337
}