{
    "branin": {
        "x2": -4.9650250701233745,
        "x27": 4.369881232269108
    }
}