{
    "x0": 6.265107961371541,
    "x1": 0.1134800398722291,
    "x2": -4.9650250701233745,
    "x3": 3.5133165074512362,
    "x4": -3.914296580478549,
    "x5": 8.116582906804979,
    "x6": 6.761682331562042,
    "x7": 4.179555210284889,
    "x8": 8.275129133835435,
    "x9": -0.9495105035603046,
    "x10": -2.5196237629279494,
    "x11": 2.7320243790745735,
    "x12": -0.3053624741733074,
    "x13": -1.5157977910712361,
    "x14": 7.6218799920752645,
    "x15": -2.3899668129161,
    "x16": 0.24239604361355305,
    "x17": -1.2382776848971844,
    "x18": -3.5162725625559688,
    "x19": 6.717649693600833,
    "x20": -2.8460091212764382,
    "x21": 2.582617695443332,
    "x22": 7.413507946766913,
    "x23": 9.821154954843223,
    "x24": 7.067521591670811,
    "x25": 9.706802135333419,
    "x26": 13.783804303966463,
    "x27": 4.369881232269108,
    "x28": 3.262197724543512,
    "x29": 2.950033131055534,
    "x30": 8.44645160716027,
    "x31": 7.029296960681677,
    "x32": 5.741799040697515,
    "x33": 9.785600281320512,
    "x34": 6.43054872751236,
    "x35": 6.769852736033499,
    "x36": 6.673747077584267,
    "x37": 11.102504613809288,
    "x38": 11.460042586550117,
    "x39": 12.732649203389883,
    "x40": 8.832610161043704,
    "x41": 3.9109282940626144,
    "x42": 5.9727917751297355,
    "x43": 8.418603194877505,
    "x44": 0.7107977522537112,
    "x45": 7.808801759965718,
    "x46": 2.139125126414001,
    "x47": 13.234825632534921,
    "x48": 10.625393707305193,
    "x49": 3.2152209151536226
}