{
    "x0": -5.0,
    "x1": 10.0,
    "x2": -5.0,
    "x3": 10.0,
    "x4": 10.0,
    "x5": 10.0,
    "x6": 10.0,
    "x7": 10.0,
    "x8": -5.0,
    "x9": -5.0,
    "x10": 10.0,
    "x11": 10.0,
    "x12": 10.0,
    "x13": -5.0,
    "x14": 7.192194790199485,
    "x15": -5.0,
    "x16": 10.0,
    "x17": 10.0,
    "x18": 1.1254253072059655,
    "x19": -5.0,
    "x20": -5.0,
    "x21": 10.0,
    "x22": 7.478926561383636,
    "x23": -5.0,
    "x24": -5.0,
    "x25": 15.0,
    "x26": 0.0,
    "x27": 8.052302320415127,
    "x28": 15.0,
    "x29": 0.0,
    "x30": 0.0,
    "x31": 0.0,
    "x32": 0.0,
    "x33": 15.0,
    "x34": 13.413786202438612,
    "x35": 15.0,
    "x36": 15.0,
    "x37": 3.5810070004090773,
    "x38": 0.0,
    "x39": 0.0,
    "x40": 3.761357756177463,
    "x41": 0.0,
    "x42": 15.0,
    "x43": 0.0,
    "x44": 12.872658279832073,
    "x45": 0.0,
    "x46": 0.38711689779799086,
    "x47": 0.0,
    "x48": 0.0,
    "x49": 11.840172343833721
}