{
    "branin": {
        "x2": -3.697925782762468,
        "x27": 1.7832533502951264
    }
}