{
    "x0": -0.5241129361093044,
    "x1": -3.425522898323834,
    "x2": -3.697925782762468,
    "x3": 5.353244920261204,
    "x4": -3.0092884553596377,
    "x5": 4.966611671261489,
    "x6": -1.6770406998693943,
    "x7": 2.8136159060522914,
    "x8": 2.4526666942983866,
    "x9": -4.693441349081695,
    "x10": -0.906388028524816,
    "x11": -4.261644394136965,
    "x12": -3.851119368337095,
    "x13": 0.5109936557710171,
    "x14": 6.0757443541660905,
    "x15": 7.9539090394973755,
    "x16": 2.940891543403268,
    "x17": 2.219951758161187,
    "x18": 7.42807547096163,
    "x19": 1.7611645441502333,
    "x20": 2.041235431097448,
    "x21": -0.870752283371985,
    "x22": 3.0762293422594666,
    "x23": 0.9901932487264276,
    "x24": 2.5642195157706738,
    "x25": 9.022182715125382,
    "x26": 4.412320484407246,
    "x27": 1.7832533502951264,
    "x28": 9.164218939840794,
    "x29": 8.503771657124162,
    "x30": 8.934953073039651,
    "x31": 12.300938358530402,
    "x32": 10.547278658486903,
    "x33": 13.181857229210436,
    "x34": 8.996592136099935,
    "x35": 13.223604261875153,
    "x36": 3.57929527759552,
    "x37": 2.37576168961823,
    "x38": 14.117884472943842,
    "x39": 6.980776735581458,
    "x40": 5.452374620363116,
    "x41": 9.08865939360112,
    "x42": 4.516999977640808,
    "x43": 11.466290093958378,
    "x44": 8.128593284636736,
    "x45": 12.120663388632238,
    "x46": 12.855978640727699,
    "x47": 10.276079289615154,
    "x48": 11.796788270585239,
    "x49": 10.590112865902483
}