{
    "parameters": {
        "x0": 7.15654194355011,
        "x1": 7.096916437149048,
        "x2": 5.144403278827667,
        "x3": -0.9897680580615997,
        "x4": -3.1908128038048744,
        "x5": -1.5146229416131973,
        "x6": 0.7354551553726196,
        "x7": 1.228409856557846,
        "x8": 1.4189021289348602,
        "x9": 4.49381560087204,
        "x10": 4.946424961090088,
        "x11": 2.2852936387062073,
        "x12": 5.206127166748047,
        "x13": -2.6016708463430405,
        "x14": -4.48093930259347,
        "x15": 7.41634339094162,
        "x16": 4.4916412234306335,
        "x17": 9.428494572639465,
        "x18": 5.365246534347534,
        "x19": 4.435393512248993,
        "x20": -2.955688461661339,
        "x21": -3.1032779067754745,
        "x22": 1.3435642421245575,
        "x23": 3.181493878364563,
        "x24": 7.544312477111816,
        "x25": 11.327960193157196,
        "x26": 3.4024541079998016,
        "x27": 8.284956514835358,
        "x28": 10.573659539222717,
        "x29": 4.315044432878494,
        "x30": 5.346326977014542,
        "x31": 12.501347064971924,
        "x32": 14.135104715824127,
        "x33": 5.711036324501038,
        "x34": 8.046759366989136,
        "x35": 10.705890655517578,
        "x36": 12.815854847431183,
        "x37": 9.370590448379517,
        "x38": 4.345042705535889,
        "x39": 2.659316807985306,
        "x40": 7.598212659358978,
        "x41": 7.489446848630905,
        "x42": 2.699948474764824,
        "x43": 5.690453052520752,
        "x44": 7.4191367626190186,
        "x45": 12.591202855110168,
        "x46": 1.6037743538618088,
        "x47": 0.9954063221812248,
        "x48": 8.954458236694336,
        "x49": 5.759173482656479
    },
    "trial": {
        "__type": "Trial",
        "index": 0,
        "trial_type": null,
        "ttl_seconds": null,
        "status": {
            "__type": "TrialStatus",
            "name": "CANDIDATE"
        },
        "time_created": {
            "__type": "datetime",
            "value": "2023-09-04 14:43:49.185777"
        },
        "time_completed": null,
        "time_staged": null,
        "time_run_started": null,
        "abandoned_reason": null,
        "run_metadata": {},
        "stop_metadata": {},
        "generator_run": {
            "__type": "GeneratorRun",
            "arms": [
                {
                    "__type": "Arm",
                    "parameters": {
                        "x0": 7.15654194355011,
                        "x1": 7.096916437149048,
                        "x2": 5.144403278827667,
                        "x3": -0.9897680580615997,
                        "x4": -3.1908128038048744,
                        "x5": -1.5146229416131973,
                        "x6": 0.7354551553726196,
                        "x7": 1.228409856557846,
                        "x8": 1.4189021289348602,
                        "x9": 4.49381560087204,
                        "x10": 4.946424961090088,
                        "x11": 2.2852936387062073,
                        "x12": 5.206127166748047,
                        "x13": -2.6016708463430405,
                        "x14": -4.48093930259347,
                        "x15": 7.41634339094162,
                        "x16": 4.4916412234306335,
                        "x17": 9.428494572639465,
                        "x18": 5.365246534347534,
                        "x19": 4.435393512248993,
                        "x20": -2.955688461661339,
                        "x21": -3.1032779067754745,
                        "x22": 1.3435642421245575,
                        "x23": 3.181493878364563,
                        "x24": 7.544312477111816,
                        "x25": 11.327960193157196,
                        "x26": 3.4024541079998016,
                        "x27": 8.284956514835358,
                        "x28": 10.573659539222717,
                        "x29": 4.315044432878494,
                        "x30": 5.346326977014542,
                        "x31": 12.501347064971924,
                        "x32": 14.135104715824127,
                        "x33": 5.711036324501038,
                        "x34": 8.046759366989136,
                        "x35": 10.705890655517578,
                        "x36": 12.815854847431183,
                        "x37": 9.370590448379517,
                        "x38": 4.345042705535889,
                        "x39": 2.659316807985306,
                        "x40": 7.598212659358978,
                        "x41": 7.489446848630905,
                        "x42": 2.699948474764824,
                        "x43": 5.690453052520752,
                        "x44": 7.4191367626190186,
                        "x45": 12.591202855110168,
                        "x46": 1.6037743538618088,
                        "x47": 0.9954063221812248,
                        "x48": 8.954458236694336,
                        "x49": 5.759173482656479
                    },
                    "name": "0_0"
                }
            ],
            "weights": [
                1.0
            ],
            "optimization_config": null,
            "search_space": null,
            "time_created": {
                "__type": "datetime",
                "value": "2023-09-04 14:43:49.185743"
            },
            "model_predictions": null,
            "best_arm_predictions": null,
            "generator_run_type": null,
            "index": 0,
            "fit_time": 0.0031760000056237914,
            "gen_time": 0.004769457998918369,
            "model_key": "Sobol",
            "model_kwargs": {
                "seed": null,
                "deduplicate": true,
                "init_position": 0,
                "scramble": true,
                "generated_points": null,
                "fallback_to_sample_polytope": false
            },
            "bridge_kwargs": {
                "transforms": [
                    {
                        "__type": "Type[Transform]",
                        "index_in_registry": 9,
                        "transform_type": "<class 'ax.modelbridge.transforms.remove_fixed.RemoveFixed'>"
                    },
                    {
                        "__type": "Type[Transform]",
                        "index_in_registry": 7,
                        "transform_type": "<class 'ax.modelbridge.transforms.choice_encode.OrderedChoiceEncode'>"
                    },
                    {
                        "__type": "Type[Transform]",
                        "index_in_registry": 6,
                        "transform_type": "<class 'ax.modelbridge.transforms.one_hot.OneHot'>"
                    },
                    {
                        "__type": "Type[Transform]",
                        "index_in_registry": 3,
                        "transform_type": "<class 'ax.modelbridge.transforms.int_to_float.IntToFloat'>"
                    },
                    {
                        "__type": "Type[Transform]",
                        "index_in_registry": 5,
                        "transform_type": "<class 'ax.modelbridge.transforms.log.Log'>"
                    },
                    {
                        "__type": "Type[Transform]",
                        "index_in_registry": 20,
                        "transform_type": "<class 'ax.modelbridge.transforms.logit.Logit'>"
                    },
                    {
                        "__type": "Type[Transform]",
                        "index_in_registry": 15,
                        "transform_type": "<class 'ax.modelbridge.transforms.unit_x.UnitX'>"
                    }
                ],
                "transform_configs": null,
                "status_quo_name": null,
                "status_quo_features": null,
                "optimization_config": null,
                "fit_out_of_design": false,
                "fit_abandoned": false,
                "fit_tracking_metrics": true,