{
    "branin": {
        "x2": 5.144403278827667,
        "x27": 8.284956514835358
    }
}