{
    "x0": 7.15654194355011,
    "x1": 7.096916437149048,
    "x2": 5.144403278827667,
    "x3": -0.9897680580615997,
    "x4": -3.1908128038048744,
    "x5": -1.5146229416131973,
    "x6": 0.7354551553726196,
    "x7": 1.228409856557846,
    "x8": 1.4189021289348602,
    "x9": 4.49381560087204,
    "x10": 4.946424961090088,
    "x11": 2.2852936387062073,
    "x12": 5.206127166748047,
    "x13": -2.6016708463430405,
    "x14": -4.48093930259347,
    "x15": 7.41634339094162,
    "x16": 4.4916412234306335,
    "x17": 9.428494572639465,
    "x18": 5.365246534347534,
    "x19": 4.435393512248993,
    "x20": -2.955688461661339,
    "x21": -3.1032779067754745,
    "x22": 1.3435642421245575,
    "x23": 3.181493878364563,
    "x24": 7.544312477111816,
    "x25": 11.327960193157196,
    "x26": 3.4024541079998016,
    "x27": 8.284956514835358,
    "x28": 10.573659539222717,
    "x29": 4.315044432878494,
    "x30": 5.346326977014542,
    "x31": 12.501347064971924,
    "x32": 14.135104715824127,
    "x33": 5.711036324501038,
    "x34": 8.046759366989136,
    "x35": 10.705890655517578,
    "x36": 12.815854847431183,
    "x37": 9.370590448379517,
    "x38": 4.345042705535889,
    "x39": 2.659316807985306,
    "x40": 7.598212659358978,
    "x41": 7.489446848630905,
    "x42": 2.699948474764824,
    "x43": 5.690453052520752,
    "x44": 7.4191367626190186,
    "x45": 12.591202855110168,
    "x46": 1.6037743538618088,
    "x47": 0.9954063221812248,
    "x48": 8.954458236694336,
    "x49": 5.759173482656479
}