{
    "x0": -3.6412405413696494,
    "x1": 10.0,
    "x2": 7.275083252712497,
    "x3": 3.5829222805515304,
    "x4": 10.0,
    "x5": -5.0,
    "x6": 0.7795048473943522,
    "x7": 10.0,
    "x8": -5.0,
    "x9": 10.0,
    "x10": 6.857384458616465,
    "x11": 6.666715256127947,
    "x12": 10.0,
    "x13": 10.0,
    "x14": -5.0,
    "x15": 8.995851086739735,
    "x16": -1.4995508968723392,
    "x17": 10.0,
    "x18": -5.0,
    "x19": 6.030291781226259,
    "x20": -3.3832130883912237,
    "x21": 3.2278933325361603,
    "x22": 4.449422240046619,
    "x23": 1.4259764778203792,
    "x24": 10.0,
    "x25": 0.0,
    "x26": 0.0,
    "x27": 0.0,
    "x28": 11.627590699225637,
    "x29": 0.0,
    "x30": 0.6436479334753257,
    "x31": 2.9724233107697096,
    "x32": 0.0,
    "x33": 0.14688113536530242,
    "x34": 9.197384078218477,
    "x35": 12.011011261107058,
    "x36": 5.07743721039071,
    "x37": 6.709992775772013,
    "x38": 0.0,
    "x39": 0.0,
    "x40": 14.972522351152897,
    "x41": 7.142143332279807,
    "x42": 0.0,
    "x43": 0.0,
    "x44": 14.7630247978073,
    "x45": 15.0,
    "x46": 0.7436903751394808,
    "x47": 0.0,
    "x48": 2.238738647725566,
    "x49": 15.0
}