{
    "x0": 0.17793431948007393,
    "x1": 0.1482879342014298,
    "x2": 0.5107075476823318,
    "x3": 0.286422513880479,
    "x4": 0.31994570361804486,
    "x5": 0.6527344109346092
}