{
    "x0": 0.20455007813870907,
    "x1": 0.9076715828850865,
    "x2": 0.5669753709807992,
    "x3": 0.8135257679969072,
    "x4": 0.9005234017968178,
    "x5": 0.3547157272696495
}