{
    "branin": {
        "x2": 2.948175329105455,
        "x27": 4.379004863396663
    }
}