{
    "x0": -5.0,
    "x1": 10.0,
    "x2": 2.948175329105455,
    "x3": -1.743735943995564,
    "x4": 10.0,
    "x5": -5.0,
    "x6": 3.4825868164617475,
    "x7": 10.0,
    "x8": -5.0,
    "x9": 3.6961292879518055,
    "x10": 10.0,
    "x11": -3.7181246505343344,
    "x12": 10.0,
    "x13": -1.584021063954415,
    "x14": 3.4544080641773753,
    "x15": 6.467365221334983,
    "x16": -0.335208812090813,
    "x17": 10.0,
    "x18": -4.993988275862015,
    "x19": -1.8895694695235496,
    "x20": 0.21420072699521242,
    "x21": 5.126910156145968,
    "x22": -5.0,
    "x23": -5.0,
    "x24": -1.9167198392334073,
    "x25": 0.0,
    "x26": 0.0,
    "x27": 4.379004863396663,
    "x28": 15.0,
    "x29": 0.0,
    "x30": 2.6792666594050063,
    "x31": 0.0,
    "x32": 0.0,
    "x33": 0.0,
    "x34": 15.0,
    "x35": 0.0,
    "x36": 0.0,
    "x37": 7.392064668494533,
    "x38": 8.874950726778765,
    "x39": 2.7608168649271545,
    "x40": 15.0,
    "x41": 15.0,
    "x42": 8.455114265149234,
    "x43": 0.0,
    "x44": 13.253824559325267,
    "x45": 11.251789185256985,
    "x46": 0.0,
    "x47": 0.0,
    "x48": 0.0,
    "x49": 11.067383283867786
}