{
    "x0": -5.0,
    "x1": 10.0,
    "x2": 10.0,
    "x3": 7.169103364544611,
    "x4": 10.0,
    "x5": -5.0,
    "x6": 7.595026747200302,
    "x7": 10.0,
    "x8": -5.0,
    "x9": -5.0,
    "x10": 10.0,
    "x11": 10.0,
    "x12": 10.0,
    "x13": -5.0,
    "x14": 10.0,
    "x15": 10.0,
    "x16": 8.193132253671495,
    "x17": 10.0,
    "x18": -5.0,
    "x19": 8.420498790450155,
    "x20": -5.0,
    "x21": 10.0,
    "x22": -5.0,
    "x23": -5.0,
    "x24": 10.0,
    "x25": 0.0,
    "x26": 0.0,
    "x27": 0.0,
    "x28": 15.0,
    "x29": 0.0,
    "x30": 0.885305266118301,
    "x31": 0.0,
    "x32": 0.0,
    "x33": 15.0,
    "x34": 0.0,
    "x35": 0.0,
    "x36": 0.0,
    "x37": 0.0,
    "x38": 13.95178953546546,
    "x39": 0.0,
    "x40": 15.0,
    "x41": 14.15780576273413,
    "x42": 0.0,
    "x43": 15.0,
    "x44": 4.719357247956769,
    "x45": 2.5154799921933155,
    "x46": 2.293463311510022,
    "x47": 0.0,
    "x48": 0.0,
    "x49": 15.0
}