{
    "x0": 0.7866731146350503,
    "x1": 0.20710961055010557,
    "x2": 0.6107095060870051,
    "x3": 0.26324793696403503,
    "x4": 0.6312013827264309,
    "x5": 0.32712196465581656
}