{
    "x0": 0.475877218394941,
    "x1": 0.27372205677633654,
    "x2": 0.11841652505403058,
    "x3": 0.2177941748520471,
    "x4": 0.3919925032256168,
    "x5": 0.7198059659028141
}