{
    "x0": 0.15020732538859632,
    "x1": 0.025904789987721208,
    "x2": 0.35274671157461107,
    "x3": 0.2838248451563287,
    "x4": 0.30590570619253626,
    "x5": 0.668175647728631
}