{
    "parameters": {
        "x0": -3.833144643129808,
        "x1": 5.608612377081377,
        "x2": 3.111872464246579,
        "x3": 4.329825338632341,
        "x4": 0.19700410889183484,
        "x5": 3.4486368573017163,
        "x6": 0.3230383668172001,
        "x7": -3.693366713284947,
        "x8": -4.51235610961778,
        "x9": 0.17000440850797016,
        "x10": -1.2618703138949656,
        "x11": -3.324420692743205,
        "x12": 3.8026892865061743,
        "x13": 5.683179252436856,
        "x14": -0.6756625058527295,
        "x15": 8.208417739085865,
        "x16": -1.8809486122196781,
        "x17": -2.5608945818175513,
        "x18": 3.5375830112923694,
        "x19": -3.6918305374703535,
        "x20": -3.2415069527522724,
        "x21": -0.700865192864522,
        "x22": 5.725638729561787,
        "x23": 6.956282636748252,
        "x24": 6.7837183029101755,
        "x25": 7.36179017405239,
        "x26": 12.812651101205676,
        "x27": 2.591531110704503,
        "x28": 1.3237731517570759,
        "x29": 7.061382592727772,
        "x30": 10.473830693169946,
        "x31": 4.488078238143204,
        "x32": 8.306086571610011,
        "x33": 11.305328399108827,
        "x34": 5.9009502193127235,
        "x35": 14.30570604170514,
        "x36": 7.195960316035711,
        "x37": 11.932362751161557,
        "x38": 3.0859482908218734,
        "x39": 3.132500762067142,
        "x40": 10.327663531647776,
        "x41": 0.5325424445040583,
        "x42": 1.8497425687080462,
        "x43": 2.413460140495904,
        "x44": 5.4803837474565995,
        "x45": 13.913352899120621,
        "x46": 6.653695863201011,
        "x47": 5.397263846272836,
        "x48": 7.990559483625816,
        "x49": 2.8894067095637923
    },
    "trial": {
        "__type": "Trial",
        "index": 39,
        "trial_type": null,
        "ttl_seconds": null,
        "status": {
            "__type": "TrialStatus",
            "name": "CANDIDATE"
        },
        "time_created": {
            "__type": "datetime",
            "value": "2023-09-04 14:56:38.416718"
        },
        "time_completed": null,
        "time_staged": null,
        "time_run_started": null,
        "abandoned_reason": null,
        "run_metadata": {},
        "stop_metadata": {},
        "generator_run": {
            "__type": "GeneratorRun",
            "arms": [
                {
                    "__type": "Arm",
                    "parameters": {
                        "x0": -3.833144643129808,
                        "x1": 5.608612377081377,
                        "x2": 3.111872464246579,
                        "x3": 4.329825338632341,
                        "x4": 0.19700410889183484,
                        "x5": 3.4486368573017163,
                        "x6": 0.3230383668172001,
                        "x7": -3.693366713284947,
                        "x8": -4.51235610961778,
                        "x9": 0.17000440850797016,
                        "x10": -1.2618703138949656,
                        "x11": -3.324420692743205,
                        "x12": 3.8026892865061743,
                        "x13": 5.683179252436856,
                        "x14": -0.6756625058527295,
                        "x15": 8.208417739085865,
                        "x16": -1.8809486122196781,
                        "x17": -2.5608945818175513,
                        "x18": 3.5375830112923694,
                        "x19": -3.6918305374703535,
                        "x20": -3.2415069527522724,
                        "x21": -0.700865192864522,
                        "x22": 5.725638729561787,
                        "x23": 6.956282636748252,
                        "x24": 6.7837183029101755,
                        "x25": 7.36179017405239,
                        "x26": 12.812651101205676,
                        "x27": 2.591531110704503,
                        "x28": 1.3237731517570759,
                        "x29": 7.061382592727772,
                        "x30": 10.473830693169946,
                        "x31": 4.488078238143204,
                        "x32": 8.306086571610011,
                        "x33": 11.305328399108827,
                        "x34": 5.9009502193127235,
                        "x35": 14.30570604170514,
                        "x36": 7.195960316035711,
                        "x37": 11.932362751161557,
                        "x38": 3.0859482908218734,
                        "x39": 3.132500762067142,
                        "x40": 10.327663531647776,
                        "x41": 0.5325424445040583,
                        "x42": 1.8497425687080462,
                        "x43": 2.413460140495904,
                        "x44": 5.4803837474565995,
                        "x45": 13.913352899120621,
                        "x46": 6.653695863201011,
                        "x47": 5.397263846272836,
                        "x48": 7.990559483625816,
                        "x49": 2.8894067095637923
                    },
                    "name": "39_0"
                }
            ],
            "weights": [
                1.0
            ],
            "optimization_config": null,
            "search_space": null,
            "time_created": {
                "__type": "datetime",
                "value": "2023-09-04 14:56:38.416654"
            },
            "model_predictions": [
                {
                    "branin": [
                        0.5180090338481804
                    ]
                },
                {
                    "branin": {
                        "branin": [
                            0.17652973173822356
                        ]
                    }
                }
            ],
            "best_arm_predictions": [
                {
                    "__type": "Arm",
                    "parameters": {
                        "x0": 10.0,
                        "x1": -5.0,
                        "x2": 9.464874086072289,
                        "x3": -5.0,
                        "x4": 10.0,
                        "x5": 10.0,
                        "x6": 10.0,
                        "x7": 10.0,
                        "x8": -5.0,
                        "x9": -5.0,
                        "x10": 10.0,
                        "x11": 3.722012155666503,
                        "x12": -5.0,
                        "x13": 10.0,
                        "x14": 10.0,
                        "x15": 10.0,
                        "x16": 10.0,
                        "x17": -5.0,
                        "x18": -5.0,
                        "x19": 10.0,
                        "x20": -5.0,
                        "x21": 10.0,
                        "x22": -5.0,
                        "x23": -5.0,
                        "x24": -5.0,
                        "x25": 15.0,
                        "x26": 0.0,
                        "x27": 2.6553106083649376,
                        "x28": 0.0,
                        "x29": 15.0,
                        "x30": 0.0,
                        "x31": 15.0,
                        "x32": 15.0,
                        "x33": 0.0,
                        "x34": 0.0,
                        "x35": 0.0,
                        "x36": 15.0,
                        "x37": 15.0,
                        "x38": 0.0,
                        "x39": 15.0,
                        "x40": 0.0,
                        "x41": 15.0,
                        "x42": 15.0,
                        "x43": 0.0,
                        "x44": 0.0,
                        "x45": 15.0,
                        "x46": 15.0,
                        "x47": 0.0,
                        "x48": 0.0,
                        "x49": 15.0
                    },