{
    "branin": {
        "x2": 3.111872464246579,
        "x27": 2.591531110704503
    }
}