{
    "x0": -3.833144643129808,
    "x1": 5.608612377081377,
    "x2": 3.111872464246579,
    "x3": 4.329825338632341,
    "x4": 0.19700410889183484,
    "x5": 3.4486368573017163,
    "x6": 0.3230383668172001,
    "x7": -3.693366713284947,
    "x8": -4.51235610961778,
    "x9": 0.17000440850797016,
    "x10": -1.2618703138949656,
    "x11": -3.324420692743205,
    "x12": 3.8026892865061743,
    "x13": 5.683179252436856,
    "x14": -0.6756625058527295,
    "x15": 8.208417739085865,
    "x16": -1.8809486122196781,
    "x17": -2.5608945818175513,
    "x18": 3.5375830112923694,
    "x19": -3.6918305374703535,
    "x20": -3.2415069527522724,
    "x21": -0.700865192864522,
    "x22": 5.725638729561787,
    "x23": 6.956282636748252,
    "x24": 6.7837183029101755,
    "x25": 7.36179017405239,
    "x26": 12.812651101205676,
    "x27": 2.591531110704503,
    "x28": 1.3237731517570759,
    "x29": 7.061382592727772,
    "x30": 10.473830693169946,
    "x31": 4.488078238143204,
    "x32": 8.306086571610011,
    "x33": 11.305328399108827,
    "x34": 5.9009502193127235,
    "x35": 14.30570604170514,
    "x36": 7.195960316035711,
    "x37": 11.932362751161557,
    "x38": 3.0859482908218734,
    "x39": 3.132500762067142,
    "x40": 10.327663531647776,
    "x41": 0.5325424445040583,
    "x42": 1.8497425687080462,
    "x43": 2.413460140495904,
    "x44": 5.4803837474565995,
    "x45": 13.913352899120621,
    "x46": 6.653695863201011,
    "x47": 5.397263846272836,
    "x48": 7.990559483625816,
    "x49": 2.8894067095637923
}