{
    "x0": 0.42986790649592876,
    "x1": 0.6454901751130819,
    "x2": 0.04401530418545008,
    "x3": 0.027835319750010967,
    "x4": 0.13068364560604095,
    "x5": 0.3993125446140766
}