{
    "x0": -5.0,
    "x1": 10.0,
    "x2": 10.0,
    "x3": 10.0,
    "x4": 10.0,
    "x5": 10.0,
    "x6": 10.0,
    "x7": 10.0,
    "x8": -5.0,
    "x9": -5.0,
    "x10": 10.0,
    "x11": 10.0,
    "x12": 10.0,
    "x13": -5.0,
    "x14": -1.5922850139595037,
    "x15": -5.0,
    "x16": 10.0,
    "x17": 10.0,
    "x18": -0.2503778326141717,
    "x19": 10.0,
    "x20": 10.0,
    "x21": 10.0,
    "x22": -5.0,
    "x23": 10.0,
    "x24": -5.0,
    "x25": 3.148775602692563,
    "x26": 0.0,
    "x27": 12.810424243858094,
    "x28": 15.0,
    "x29": 0.0,
    "x30": 9.363568133546377,
    "x31": 0.0,
    "x32": 15.0,
    "x33": 15.0,
    "x34": 0.0,
    "x35": 15.0,
    "x36": 15.0,
    "x37": 15.0,
    "x38": 15.0,
    "x39": 15.0,
    "x40": 0.0,
    "x41": 15.0,
    "x42": 15.0,
    "x43": 0.0,
    "x44": 0.16723000450447653,
    "x45": 0.2777466681248638,
    "x46": 15.0,
    "x47": 0.0,
    "x48": 0.0,
    "x49": 15.0
}