{
    "x0": 0.21341276658924968,
    "x1": 0.14974032785409097,
    "x2": 0.5096691405083087,
    "x3": 0.2735757165049227,
    "x4": 0.31401040670670777,
    "x5": 0.6542179440640901
}