{
    "parameters": {
        "x0": -5.0,
        "x1": 10.0,
        "x2": -1.002308189277533,
        "x3": 7.42825728053959,
        "x4": 10.0,
        "x5": -5.0,
        "x6": 3.464835642093922,
        "x7": 10.0,
        "x8": -5.0,
        "x9": 4.9887971558703,
        "x10": 8.38519284820203,
        "x11": 2.6651778010227103,
        "x12": 7.023381410566381,
        "x13": 10.0,
        "x14": -5.0,
        "x15": -4.420472978318098,
        "x16": 7.3896142263013775,
        "x17": 10.0,
        "x18": -5.0,
        "x19": 10.0,
        "x20": 5.037270876665541,
        "x21": 10.0,
        "x22": -5.0,
        "x23": -5.0,
        "x24": -5.0,
        "x25": 0.0,
        "x26": 0.0,
        "x27": 3.2118722039359313,
        "x28": 15.0,
        "x29": 0.0,
        "x30": 0.0,
        "x31": 0.6715393006406556,
        "x32": 0.0,
        "x33": 0.0,
        "x34": 15.0,
        "x35": 15.0,
        "x36": 2.0696133407469683,
        "x37": 15.0,
        "x38": 15.0,
        "x39": 8.339878524160865,
        "x40": 2.1746022128127542,
        "x41": 15.0,
        "x42": 0.0,
        "x43": 0.0,
        "x44": 11.286510900163575,
        "x45": 4.6605450006188525,
        "x46": 0.0,
        "x47": 0.0,
        "x48": 0.0,
        "x49": 14.120131277313684
    },
    "trial": {
        "__type": "Trial",
        "index": 19,
        "trial_type": null,
        "ttl_seconds": null,
        "status": {
            "__type": "TrialStatus",
            "name": "CANDIDATE"
        },
        "time_created": {
            "__type": "datetime",
            "value": "2023-09-04 14:47:42.295807"
        },
        "time_completed": null,
        "time_staged": null,
        "time_run_started": null,
        "abandoned_reason": null,
        "run_metadata": {},
        "stop_metadata": {},
        "generator_run": {
            "__type": "GeneratorRun",
            "arms": [
                {
                    "__type": "Arm",
                    "parameters": {
                        "x0": -5.0,
                        "x1": 10.0,
                        "x2": -1.002308189277533,
                        "x3": 7.42825728053959,
                        "x4": 10.0,
                        "x5": -5.0,
                        "x6": 3.464835642093922,
                        "x7": 10.0,
                        "x8": -5.0,
                        "x9": 4.9887971558703,
                        "x10": 8.38519284820203,
                        "x11": 2.6651778010227103,
                        "x12": 7.023381410566381,
                        "x13": 10.0,
                        "x14": -5.0,
                        "x15": -4.420472978318098,
                        "x16": 7.3896142263013775,
                        "x17": 10.0,
                        "x18": -5.0,
                        "x19": 10.0,
                        "x20": 5.037270876665541,
                        "x21": 10.0,
                        "x22": -5.0,
                        "x23": -5.0,
                        "x24": -5.0,
                        "x25": 0.0,
                        "x26": 0.0,
                        "x27": 3.2118722039359313,
                        "x28": 15.0,
                        "x29": 0.0,
                        "x30": 0.0,
                        "x31": 0.6715393006406556,
                        "x32": 0.0,
                        "x33": 0.0,
                        "x34": 15.0,
                        "x35": 15.0,
                        "x36": 2.0696133407469683,
                        "x37": 15.0,
                        "x38": 15.0,
                        "x39": 8.339878524160865,
                        "x40": 2.1746022128127542,
                        "x41": 15.0,
                        "x42": 0.0,
                        "x43": 0.0,
                        "x44": 11.286510900163575,
                        "x45": 4.6605450006188525,
                        "x46": 0.0,
                        "x47": 0.0,
                        "x48": 0.0,
                        "x49": 14.120131277313684
                    },
                    "name": "19_0"
                }
            ],
            "weights": [
                1.0
            ],
            "optimization_config": null,
            "search_space": null,
            "time_created": {
                "__type": "datetime",
                "value": "2023-09-04 14:47:42.295757"
            },
            "model_predictions": [
                {
                    "branin": [
                        1.5065079625952293
                    ]
                },
                {
                    "branin": {
                        "branin": [
                            1563.691717818749
                        ]
                    }
                }
            ],
            "best_arm_predictions": [
                {
                    "__type": "Arm",
                    "parameters": {
                        "x0": -5.0,
                        "x1": 10.0,
                        "x2": 10.0,
                        "x3": 6.735962983217677,
                        "x4": 10.0,
                        "x5": -5.0,
                        "x6": -5.0,
                        "x7": 10.0,
                        "x8": -5.0,
                        "x9": 2.1962196634228714,
                        "x10": 10.0,
                        "x11": 10.0,
                        "x12": -5.0,
                        "x13": 10.0,
                        "x14": -2.123433761513255,
                        "x15": 10.0,
                        "x16": 9.854243203344932,
                        "x17": 10.0,
                        "x18": -5.0,
                        "x19": 10.0,
                        "x20": 6.772864193680734,
                        "x21": 4.826490262537002,
                        "x22": -5.0,
                        "x23": 4.74880961420344,
                        "x24": 10.0,
                        "x25": 0.0,
                        "x26": 0.0,
                        "x27": 3.389661248414675,
                        "x28": 15.0,
                        "x29": 0.0,
                        "x30": 3.1089444509160877,
                        "x31": 0.0,
                        "x32": 0.0,
                        "x33": 0.0,
                        "x34": 8.634023913107137,
                        "x35": 15.0,
                        "x36": 0.0,
                        "x37": 15.0,
                        "x38": 15.0,
                        "x39": 14.533938250576515,
                        "x40": 15.0,
                        "x41": 12.669852551697026,
                        "x42": 0.0,
                        "x43": 0.0,
                        "x44": 15.0,
                        "x45": 4.643637596860752,
                        "x46": 0.0,
                        "x47": 0.0,
                        "x48": 0.0,
                        "x49": 9.500623514111217
                    },
                    "name": "12_0"
                },
                [
                    {
                        "branin": 2.092755761956262
                    },
                    {
                        "branin": {
                            "branin": 0.002400785306403403
                        }
                    }
                ]
            ],
            "generator_run_type": null,
            "index": 0,
            "fit_time": 41.86616545900324,
            "gen_time": 3.0795962499978486,
            "model_key": "FullyBayesian",
            "model_kwargs": {
                "model_constructor": {
                    "is_callable_as_path": true,
                    "value": "ax.models.torch.fully_bayesian.get_and_fit_model_mcmc"
                },
                "model_predictor": {
                    "is_callable_as_path": true,
                    "value": "ax.models.torch.fully_bayesian.predict_from_model_mcmc"
                },