{
    "branin": {
        "x2": -1.002308189277533,
        "x27": 3.2118722039359313
    }
}