{
    "x0": -5.0,
    "x1": 10.0,
    "x2": -1.002308189277533,
    "x3": 7.42825728053959,
    "x4": 10.0,
    "x5": -5.0,
    "x6": 3.464835642093922,
    "x7": 10.0,
    "x8": -5.0,
    "x9": 4.9887971558703,
    "x10": 8.38519284820203,
    "x11": 2.6651778010227103,
    "x12": 7.023381410566381,
    "x13": 10.0,
    "x14": -5.0,
    "x15": -4.420472978318098,
    "x16": 7.3896142263013775,
    "x17": 10.0,
    "x18": -5.0,
    "x19": 10.0,
    "x20": 5.037270876665541,
    "x21": 10.0,
    "x22": -5.0,
    "x23": -5.0,
    "x24": -5.0,
    "x25": 0.0,
    "x26": 0.0,
    "x27": 3.2118722039359313,
    "x28": 15.0,
    "x29": 0.0,
    "x30": 0.0,
    "x31": 0.6715393006406556,
    "x32": 0.0,
    "x33": 0.0,
    "x34": 15.0,
    "x35": 15.0,
    "x36": 2.0696133407469683,
    "x37": 15.0,
    "x38": 15.0,
    "x39": 8.339878524160865,
    "x40": 2.1746022128127542,
    "x41": 15.0,
    "x42": 0.0,
    "x43": 0.0,
    "x44": 11.286510900163575,
    "x45": 4.6605450006188525,
    "x46": 0.0,
    "x47": 0.0,
    "x48": 0.0,
    "x49": 14.120131277313684
}