{
    "x0": 0.5046419408172369,
    "x1": 0.6182332849130034,
    "x2": 0.4286005310714245,
    "x3": 0.7289375737309456,
    "x4": 0.028476959094405174,
    "x5": 0.5193755347281694
}