{
    "x0": 0.5875623532158358,
    "x1": 0.14865731301362403,
    "x2": 0.021933293007652534,
    "x3": 0.29523749633969776,
    "x4": 0.3834403847329049,
    "x5": 0.5717581482046151
}