{
    "branin": {
        "x2": 3.4026808267764697,
        "x27": 2.3047894452043267
    }
}