{
    "x0": 10.0,
    "x1": 10.0,
    "x2": 3.4026808267764697,
    "x3": -5.0,
    "x4": -5.0,
    "x5": 10.0,
    "x6": 10.0,
    "x7": -5.0,
    "x8": 10.0,
    "x9": -5.0,
    "x10": -5.0,
    "x11": 10.0,
    "x12": -5.0,
    "x13": 2.2922469771537752,
    "x14": 10.0,
    "x15": 10.0,
    "x16": 5.069138894067594,
    "x17": -5.0,
    "x18": -5.0,
    "x19": 10.0,
    "x20": -5.0,
    "x21": 10.0,
    "x22": 10.0,
    "x23": 10.0,
    "x24": -5.0,
    "x25": 15.0,
    "x26": 0.0,
    "x27": 2.3047894452043267,
    "x28": 0.0,
    "x29": 15.0,
    "x30": 0.0,
    "x31": 15.0,
    "x32": 15.0,
    "x33": 15.0,
    "x34": 0.0,
    "x35": 0.0,
    "x36": 15.0,
    "x37": 0.0,
    "x38": 0.0,
    "x39": 0.0,
    "x40": 0.0,
    "x41": 0.0,
    "x42": 15.0,
    "x43": 15.0,
    "x44": 0.0,
    "x45": 0.0,
    "x46": 15.0,
    "x47": 15.0,
    "x48": 0.0,
    "x49": 15.0
}