{
    "x0": -5.0,
    "x1": 10.0,
    "x2": 10.0,
    "x3": 5.976751471988182,
    "x4": 10.0,
    "x5": -5.0,
    "x6": -5.0,
    "x7": 10.0,
    "x8": -5.0,
    "x9": 0.5289691939371197,
    "x10": 10.0,
    "x11": 10.0,
    "x12": -5.0,
    "x13": 3.843832238542083,
    "x14": 10.0,
    "x15": 10.0,
    "x16": -5.0,
    "x17": 10.0,
    "x18": -5.0,
    "x19": -5.0,
    "x20": -5.0,
    "x21": 10.0,
    "x22": -5.0,
    "x23": -5.0,
    "x24": 5.124983907650401,
    "x25": 0.0,
    "x26": 1.5980783046254992,
    "x27": 3.7364849486200034,
    "x28": 0.0,
    "x29": 0.0,
    "x30": 3.336698170798201,
    "x31": 0.0,
    "x32": 0.9974662600627131,
    "x33": 0.0,
    "x34": 0.0,
    "x35": 0.0,
    "x36": 0.0,
    "x37": 9.470481326296778,
    "x38": 0.0,
    "x39": 5.02526744847493,
    "x40": 15.0,
    "x41": 15.0,
    "x42": 8.825963967055804,
    "x43": 0.6348660604304779,
    "x44": 15.0,
    "x45": 12.929643433002491,
    "x46": 3.838672144762682,
    "x47": 3.7438605283125543,
    "x48": 0.0,
    "x49": 12.535111672882332
}