{
    "parameters": {
        "x0": 10.0,
        "x1": -5.0,
        "x2": -2.1844842969507896,
        "x3": 8.986795818868195,
        "x4": 10.0,
        "x5": 10.0,
        "x6": 10.0,
        "x7": -5.0,
        "x8": 10.0,
        "x9": 0.20616731820758893,
        "x10": -5.0,
        "x11": -5.0,
        "x12": -5.0,
        "x13": -5.0,
        "x14": 10.0,
        "x15": 10.0,
        "x16": -5.0,
        "x17": -5.0,
        "x18": 10.0,
        "x19": -5.0,
        "x20": -0.6142848169480475,
        "x21": 7.4005391314815405,
        "x22": 10.0,
        "x23": -5.0,
        "x24": -5.0,
        "x25": 15.0,
        "x26": 15.0,
        "x27": 8.89107449524827,
        "x28": 0.0,
        "x29": 15.0,
        "x30": 15.0,
        "x31": 0.0,
        "x32": 15.0,
        "x33": 0.0,
        "x34": 0.0,
        "x35": 0.0,
        "x36": 0.0,
        "x37": 0.0,
        "x38": 8.135725517802696,
        "x39": 2.028633073083711,
        "x40": 15.0,
        "x41": 0.0,
        "x42": 15.0,
        "x43": 15.0,
        "x44": 0.0,
        "x45": 15.0,
        "x46": 15.0,
        "x47": 1.3677594670275879,
        "x48": 15.0,
        "x49": 0.0
    },
    "trial": {
        "__type": "Trial",
        "index": 29,
        "trial_type": null,
        "ttl_seconds": null,
        "status": {
            "__type": "TrialStatus",
            "name": "CANDIDATE"
        },
        "time_created": {
            "__type": "datetime",
            "value": "2023-09-04 14:51:42.077355"
        },
        "time_completed": null,
        "time_staged": null,
        "time_run_started": null,
        "abandoned_reason": null,
        "run_metadata": {},
        "stop_metadata": {},
        "generator_run": {
            "__type": "GeneratorRun",
            "arms": [
                {
                    "__type": "Arm",
                    "parameters": {
                        "x0": 10.0,
                        "x1": -5.0,
                        "x2": -2.1844842969507896,
                        "x3": 8.986795818868195,
                        "x4": 10.0,
                        "x5": 10.0,
                        "x6": 10.0,
                        "x7": -5.0,
                        "x8": 10.0,
                        "x9": 0.20616731820758893,
                        "x10": -5.0,
                        "x11": -5.0,
                        "x12": -5.0,
                        "x13": -5.0,
                        "x14": 10.0,
                        "x15": 10.0,
                        "x16": -5.0,
                        "x17": -5.0,
                        "x18": 10.0,
                        "x19": -5.0,
                        "x20": -0.6142848169480475,
                        "x21": 7.4005391314815405,
                        "x22": 10.0,
                        "x23": -5.0,
                        "x24": -5.0,
                        "x25": 15.0,
                        "x26": 15.0,
                        "x27": 8.89107449524827,
                        "x28": 0.0,
                        "x29": 15.0,
                        "x30": 15.0,
                        "x31": 0.0,
                        "x32": 15.0,
                        "x33": 0.0,
                        "x34": 0.0,
                        "x35": 0.0,
                        "x36": 0.0,
                        "x37": 0.0,
                        "x38": 8.135725517802696,
                        "x39": 2.028633073083711,
                        "x40": 15.0,
                        "x41": 0.0,
                        "x42": 15.0,
                        "x43": 15.0,
                        "x44": 0.0,
                        "x45": 15.0,
                        "x46": 15.0,
                        "x47": 1.3677594670275879,
                        "x48": 15.0,
                        "x49": 0.0
                    },
                    "name": "29_0"
                }
            ],
            "weights": [
                1.0
            ],
            "optimization_config": null,
            "search_space": null,
            "time_created": {
                "__type": "datetime",
                "value": "2023-09-04 14:51:42.077292"
            },
            "model_predictions": [
                {
                    "branin": [
                        11.248220938704392
                    ]
                },
                {
                    "branin": {
                        "branin": [
                            252.78489683608268
                        ]
                    }
                }
            ],
            "best_arm_predictions": [
                {
                    "__type": "Arm",
                    "parameters": {
                        "x0": 10.0,
                        "x1": 10.0,
                        "x2": 10.0,
                        "x3": -5.0,
                        "x4": 10.0,
                        "x5": -5.0,
                        "x6": -5.0,
                        "x7": 10.0,
                        "x8": 10.0,
                        "x9": 9.273522124855301,
                        "x10": 10.0,
                        "x11": -5.0,
                        "x12": 10.0,
                        "x13": -5.0,
                        "x14": 10.0,
                        "x15": 10.0,
                        "x16": -5.0,
                        "x17": 10.0,
                        "x18": -5.0,
                        "x19": -5.0,
                        "x20": 10.0,
                        "x21": -5.0,
                        "x22": -5.0,
                        "x23": -5.0,
                        "x24": 10.0,
                        "x25": 0.0,
                        "x26": 0.0,
                        "x27": 3.32002044451777,
                        "x28": 15.0,
                        "x29": 0.0,
                        "x30": 15.0,
                        "x31": 0.0,
                        "x32": 0.0,
                        "x33": 0.0,
                        "x34": 0.0,
                        "x35": 0.0,
                        "x36": 0.0,
                        "x37": 0.0,
                        "x38": 0.0,
                        "x39": 0.0,
                        "x40": 15.0,
                        "x41": 15.0,
                        "x42": 0.0,
                        "x43": 15.0,
                        "x44": 15.0,
                        "x45": 0.0,
                        "x46": 5.424627870882134,
                        "x47": 0.0,
                        "x48": 0.0,
                        "x49": 8.34877626180519
                    },
                    "name": "23_0"
                },
                [
                    {
                        "branin": 2.042294960877662
                    },
                    {
                        "branin": {
                            "branin": 0.002667993390127278
                        }
                    }
                ]
            ],
            "generator_run_type": null,
            "index": 0,
            "fit_time": 0.0,
            "gen_time": 10.851388499999302,
            "model_key": "FullyBayesian",
            "model_kwargs": {
                "model_constructor": {
                    "is_callable_as_path": true,
                    "value": "ax.models.torch.fully_bayesian.get_and_fit_model_mcmc"
                },
                "model_predictor": {
                    "is_callable_as_path": true,
                    "value": "ax.models.torch.fully_bayesian.predict_from_model_mcmc"
                },
                "acqf_constructor": {
                    "is_callable_as_path": true,
                    "value": "ax.models.torch.fully_bayesian.get_fully_bayesian_acqf"
                },
                "acqf_optimizer": {
                    "is_callable_as_path": true,
                    "value": "ax.models.torch.botorch_defaults.scipy_optimizer"
                },