{
    "branin": {
        "x2": -2.1844842969507896,
        "x27": 8.89107449524827
    }
}