{
    "x0": 10.0,
    "x1": -5.0,
    "x2": -2.1844842969507896,
    "x3": 8.986795818868195,
    "x4": 10.0,
    "x5": 10.0,
    "x6": 10.0,
    "x7": -5.0,
    "x8": 10.0,
    "x9": 0.20616731820758893,
    "x10": -5.0,
    "x11": -5.0,
    "x12": -5.0,
    "x13": -5.0,
    "x14": 10.0,
    "x15": 10.0,
    "x16": -5.0,
    "x17": -5.0,
    "x18": 10.0,
    "x19": -5.0,
    "x20": -0.6142848169480475,
    "x21": 7.4005391314815405,
    "x22": 10.0,
    "x23": -5.0,
    "x24": -5.0,
    "x25": 15.0,
    "x26": 15.0,
    "x27": 8.89107449524827,
    "x28": 0.0,
    "x29": 15.0,
    "x30": 15.0,
    "x31": 0.0,
    "x32": 15.0,
    "x33": 0.0,
    "x34": 0.0,
    "x35": 0.0,
    "x36": 0.0,
    "x37": 0.0,
    "x38": 8.135725517802696,
    "x39": 2.028633073083711,
    "x40": 15.0,
    "x41": 0.0,
    "x42": 15.0,
    "x43": 15.0,
    "x44": 0.0,
    "x45": 15.0,
    "x46": 15.0,
    "x47": 1.3677594670275879,
    "x48": 15.0,
    "x49": 0.0
}