{
    "x0": 10.0,
    "x1": 10.0,
    "x2": 10.0,
    "x3": 10.0,
    "x4": 10.0,
    "x5": -5.0,
    "x6": 10.0,
    "x7": 10.0,
    "x8": -5.0,
    "x9": -5.0,
    "x10": -5.0,
    "x11": 10.0,
    "x12": 10.0,
    "x13": -5.0,
    "x14": -5.0,
    "x15": 10.0,
    "x16": -5.0,
    "x17": -5.0,
    "x18": -5.0,
    "x19": -5.0,
    "x20": -5.0,
    "x21": 10.0,
    "x22": 10.0,
    "x23": -5.0,
    "x24": -5.0,
    "x25": 0.0,
    "x26": 15.0,
    "x27": 2.6804444547323794,
    "x28": 0.0,
    "x29": 15.0,
    "x30": 0.0,
    "x31": 0.0,
    "x32": 0.0,
    "x33": 0.0,
    "x34": 0.0,
    "x35": 0.0,
    "x36": 15.0,
    "x37": 0.0,
    "x38": 15.0,
    "x39": 0.0,
    "x40": 15.0,
    "x41": 15.0,
    "x42": 15.0,
    "x43": 0.0,
    "x44": 15.0,
    "x45": 15.0,
    "x46": 15.0,
    "x47": 15.0,
    "x48": 15.0,
    "x49": 9.5674933220318
}