{
    "branin": {
        "x2": 9.236233968611266,
        "x27": 1.908115286883398
    }
}