{
    "x0": -1.673844917607484,
    "x1": -1.0876712628822411,
    "x2": 9.236233968611266,
    "x3": 5.149270761097718,
    "x4": 1.5116661281559898,
    "x5": -4.79971906839253,
    "x6": 3.33563555657339,
    "x7": -3.40838364445961,
    "x8": 5.313018371205191,
    "x9": 1.7397688765306842,
    "x10": 8.801981500669912,
    "x11": -4.725388354023253,
    "x12": 1.7857668735888614,
    "x13": 9.892675561764513,
    "x14": -1.9559431137464296,
    "x15": -1.6979286680347854,
    "x16": 8.278948237484165,
    "x17": -2.8177043082387963,
    "x18": 6.589672110541278,
    "x19": -2.5149131713729593,
    "x20": 2.618687240185916,
    "x21": 0.21374991642052166,
    "x22": 2.0398424097766954,
    "x23": -3.407483272192078,
    "x24": -3.694163086771973,
    "x25": 1.4838101319790715,
    "x26": 2.2510459760330668,
    "x27": 1.908115286883398,
    "x28": 2.7478988417595813,
    "x29": 6.4468032554114725,
    "x30": 10.02258418243369,
    "x31": 6.386557929951156,
    "x32": 8.172467630672115,
    "x33": 9.088518995016146,
    "x34": 11.493338066122154,
    "x35": 2.6204720424962837,
    "x36": 6.673463810164798,
    "x37": 2.9645090814869812,
    "x38": 4.947403549606132,
    "x39": 1.9665382916571075,
    "x40": 7.6419172675855,
    "x41": 8.557866738319602,
    "x42": 7.495729768522089,
    "x43": 8.781658557690449,
    "x44": 7.79884497766932,
    "x45": 9.624215003031289,
    "x46": 4.081620672090712,
    "x47": 1.2214358066333193,
    "x48": 3.366934809869116,
    "x49": 8.215932502793791
}