{
    "__type": "Trial",
    "index": 47,
    "trial_type": null,
    "ttl_seconds": null,
    "status": {
        "__type": "TrialStatus",
        "name": "CANDIDATE"
    },
    "time_created": {
        "__type": "datetime",
        "value": "2023-09-04 15:02:38.178408"
    },
    "time_completed": null,
    "time_staged": null,
    "time_run_started": null,
    "abandoned_reason": null,
    "run_metadata": {},
    "stop_metadata": {},
    "generator_run": {
        "__type": "GeneratorRun",
        "arms": [
            {
                "__type": "Arm",
                "parameters": {
                    "x0": -1.673844917607484,
                    "x1": -1.0876712628822411,
                    "x2": 9.236233968611266,
                    "x3": 5.149270761097718,
                    "x4": 1.5116661281559898,
                    "x5": -4.79971906839253,
                    "x6": 3.33563555657339,
                    "x7": -3.40838364445961,
                    "x8": 5.313018371205191,
                    "x9": 1.7397688765306842,
                    "x10": 8.801981500669912,
                    "x11": -4.725388354023253,
                    "x12": 1.7857668735888614,
                    "x13": 9.892675561764513,
                    "x14": -1.9559431137464296,
                    "x15": -1.6979286680347854,
                    "x16": 8.278948237484165,
                    "x17": -2.8177043082387963,
                    "x18": 6.589672110541278,
                    "x19": -2.5149131713729593,
                    "x20": 2.618687240185916,
                    "x21": 0.21374991642052166,
                    "x22": 2.0398424097766954,
                    "x23": -3.407483272192078,
                    "x24": -3.694163086771973,
                    "x25": 1.4838101319790715,
                    "x26": 2.2510459760330668,
                    "x27": 1.908115286883398,
                    "x28": 2.7478988417595813,
                    "x29": 6.4468032554114725,
                    "x30": 10.02258418243369,
                    "x31": 6.386557929951156,
                    "x32": 8.172467630672115,
                    "x33": 9.088518995016146,
                    "x34": 11.493338066122154,
                    "x35": 2.6204720424962837,
                    "x36": 6.673463810164798,
                    "x37": 2.9645090814869812,
                    "x38": 4.947403549606132,
                    "x39": 1.9665382916571075,
                    "x40": 7.6419172675855,
                    "x41": 8.557866738319602,
                    "x42": 7.495729768522089,
                    "x43": 8.781658557690449,
                    "x44": 7.79884497766932,
                    "x45": 9.624215003031289,
                    "x46": 4.081620672090712,
                    "x47": 1.2214358066333193,
                    "x48": 3.366934809869116,
                    "x49": 8.215932502793791
                },
                "name": "47_0"
            }
        ],
        "weights": [
            1.0
        ],
        "optimization_config": null,
        "search_space": null,
        "time_created": {
            "__type": "datetime",
            "value": "2023-09-04 15:02:38.178344"
        },
        "model_predictions": [
            {
                "branin": [
                    1.0312100885649045
                ]
            },
            {
                "branin": {
                    "branin": [
                        0.7722753863191015
                    ]
                }
            }
        ],
        "best_arm_predictions": [
            {
                "__type": "Arm",
                "parameters": {
                    "x0": 10.0,
                    "x1": -5.0,
                    "x2": 9.464874086072289,
                    "x3": -5.0,
                    "x4": 10.0,
                    "x5": 10.0,
                    "x6": 10.0,
                    "x7": 10.0,
                    "x8": -5.0,
                    "x9": -5.0,
                    "x10": 10.0,
                    "x11": 3.722012155666503,
                    "x12": -5.0,
                    "x13": 10.0,
                    "x14": 10.0,
                    "x15": 10.0,
                    "x16": 10.0,
                    "x17": -5.0,
                    "x18": -5.0,
                    "x19": 10.0,
                    "x20": -5.0,
                    "x21": 10.0,
                    "x22": -5.0,
                    "x23": -5.0,
                    "x24": -5.0,
                    "x25": 15.0,
                    "x26": 0.0,
                    "x27": 2.6553106083649376,
                    "x28": 0.0,
                    "x29": 15.0,
                    "x30": 0.0,
                    "x31": 15.0,
                    "x32": 15.0,
                    "x33": 0.0,
                    "x34": 0.0,
                    "x35": 0.0,
                    "x36": 15.0,
                    "x37": 15.0,
                    "x38": 0.0,
                    "x39": 15.0,
                    "x40": 0.0,
                    "x41": 15.0,
                    "x42": 15.0,
                    "x43": 0.0,
                    "x44": 0.0,
                    "x45": 15.0,
                    "x46": 15.0,
                    "x47": 0.0,
                    "x48": 0.0,
                    "x49": 15.0
                },
                "name": "33_0"
            },
            [
                {
                    "branin": 0.4288507579063108
                },
                {
                    "branin": {
                        "branin": 0.0023987121818083317
                    }
                }
            ]
        ],
        "generator_run_type": null,
        "index": 0,
        "fit_time": 0.0,
        "gen_time": 1.899920124997152,
        "model_key": "FullyBayesian",
        "model_kwargs": {
            "model_constructor": {
                "is_callable_as_path": true,
                "value": "ax.models.torch.fully_bayesian.get_and_fit_model_mcmc"
            },
            "model_predictor": {
                "is_callable_as_path": true,
                "value": "ax.models.torch.fully_bayesian.predict_from_model_mcmc"
            },
            "acqf_constructor": {
                "is_callable_as_path": true,
                "value": "ax.models.torch.fully_bayesian.get_fully_bayesian_acqf"
            },
            "acqf_optimizer": {
                "is_callable_as_path": true,
                "value": "ax.models.torch.botorch_defaults.scipy_optimizer"
            },
            "best_point_recommender": {
                "is_callable_as_path": true,
                "value": "ax.models.torch.botorch_defaults.recommend_best_observed_point"
            },
            "refit_on_cv": false,
            "refit_on_update": true,
            "warm_start_refitting": true,
            "use_input_warping": false,
            "use_saas": null,
            "num_samples": 256,
            "warmup_steps": 512,
            "thinning": 16,
            "max_tree_depth": 6,
            "disable_progbar": false,
            "gp_kernel": "matern",
            "verbose": true,
            "jit_compile": false
        },
        "bridge_kwargs": {
            "transform_configs": {
                "Derelativize": {
                    "use_raw_status_quo": false
                },
                "Winsorize": {
                    "derelativize_with_raw_status_quo": false
                }
            },
            "torch_dtype": {
                "__type": "torch_dtype",
                "value": "torch.float64"
            },
            "torch_device": null,
            "status_quo_name": null,
            "status_quo_features": null,
            "optimization_config": null,
            "fit_out_of_design": false,
            "fit_abandoned": false,
            "fit_tracking_metrics": true,
            "fit_on_init": true,
            "default_model_gen_options": null,