{
    "x0": 0.6155848295012448,
    "x1": 0.305810537426371,
    "x2": 0.07681951719124222,
    "x3": 0.1799863614236733,
    "x4": 0.26108060686321755,
    "x5": 0.47710240585389324
}