{
    "x0": -1.3866301478124057,
    "x1": 10.0,
    "x2": 10.0,
    "x3": 10.0,
    "x4": 10.0,
    "x5": -5.0,
    "x6": -5.0,
    "x7": 10.0,
    "x8": 10.0,
    "x9": 10.0,
    "x10": 10.0,
    "x11": -5.0,
    "x12": -5.0,
    "x13": 10.0,
    "x14": -5.0,
    "x15": 10.0,
    "x16": -5.0,
    "x17": 10.0,
    "x18": -4.323720313613778,
    "x19": 10.0,
    "x20": -5.0,
    "x21": 10.0,
    "x22": 10.0,
    "x23": -5.0,
    "x24": -5.0,
    "x25": 0.0,
    "x26": 0.0,
    "x27": 0.0,
    "x28": 15.0,
    "x29": 0.0,
    "x30": 0.0,
    "x31": 15.0,
    "x32": 0.0,
    "x33": 0.0,
    "x34": 15.0,
    "x35": 0.0,
    "x36": 0.0,
    "x37": 15.0,
    "x38": 15.0,
    "x39": 0.0,
    "x40": 15.0,
    "x41": 15.0,
    "x42": 0.0,
    "x43": 0.0,
    "x44": 15.0,
    "x45": 0.0,
    "x46": 0.0,
    "x47": 1.0826883350185978,
    "x48": 0.0,
    "x49": 15.0
}