{
    "branin": {
        "x2": 0.2806669333949685,
        "x27": 2.2029389161616564
    }
}