{
    "x0": 2.0724724093452096,
    "x1": 8.344861106015742,
    "x2": 0.2806669333949685,
    "x3": -4.31953533552587,
    "x4": 2.6817830419167876,
    "x5": -4.272295250557363,
    "x6": -4.995287386700511,
    "x7": 4.102267567068338,
    "x8": -2.5397746823728085,
    "x9": 4.24103585537523,
    "x10": 7.9948083544149995,
    "x11": -3.530228571034968,
    "x12": -4.842902445234358,
    "x13": 7.376366825774312,
    "x14": 2.6472898200154305,
    "x15": 7.065260503441095,
    "x16": 5.018148864619434,
    "x17": 8.308202517218888,
    "x18": -0.36902925930917263,
    "x19": 8.27895347494632,
    "x20": 2.910961345769465,
    "x21": 0.19786939024925232,
    "x22": -0.7095353305339813,
    "x23": 5.62940448988229,
    "x24": 3.3131066616624594,
    "x25": 0.039678141474723816,
    "x26": 12.511848430149257,
    "x27": 2.2029389161616564,
    "x28": 11.380470064468682,
    "x29": 2.2346787806600332,
    "x30": 5.327903525903821,
    "x31": 6.336068124510348,
    "x32": 0.2691650530323386,
    "x33": 3.9548221277073026,
    "x34": 12.383446879684925,
    "x35": 12.19790539238602,
    "x36": 6.444313111715019,
    "x37": 12.210620739497244,
    "x38": 14.810655349865556,
    "x39": 8.915656353347003,
    "x40": 13.645592741668224,
    "x41": 12.335474244318902,
    "x42": 6.751618534326553,
    "x43": 4.636083184741437,
    "x44": 8.909655218012631,
    "x45": 8.871979834511876,
    "x46": 3.8645726116374135,
    "x47": 1.0999757330864668,
    "x48": 9.904380426742136,
    "x49": 10.602231156080961
}