{
    "branin": {
        "x2": 2.7346302605182062,
        "x27": 2.4276036937712355
    }
}