{
    "x0": 10.0,
    "x1": -5.0,
    "x2": 2.7346302605182062,
    "x3": -5.0,
    "x4": 10.0,
    "x5": -5.0,
    "x6": 10.0,
    "x7": 10.0,
    "x8": 0.5248902007824405,
    "x9": 10.0,
    "x10": -5.0,
    "x11": 10.0,
    "x12": -5.0,
    "x13": 10.0,
    "x14": 10.0,
    "x15": -2.751204202622925,
    "x16": -5.0,
    "x17": 4.344775493630868,
    "x18": 10.0,
    "x19": 5.897186410252468,
    "x20": -5.0,
    "x21": -5.0,
    "x22": -5.0,
    "x23": -5.0,
    "x24": -5.0,
    "x25": 15.0,
    "x26": 0.0,
    "x27": 2.4276036937712355,
    "x28": 0.0,
    "x29": 15.0,
    "x30": 0.0,
    "x31": 15.0,
    "x32": 15.0,
    "x33": 15.0,
    "x34": 0.0,
    "x35": 0.0,
    "x36": 15.0,
    "x37": 15.0,
    "x38": 0.0,
    "x39": 15.0,
    "x40": 0.0,
    "x41": 15.0,
    "x42": 11.292604201116387,
    "x43": 15.0,
    "x44": 0.0,
    "x45": 0.0,
    "x46": 0.0,
    "x47": 15.0,
    "x48": 0.0,
    "x49": 15.0
}