{
    "x0": 0.5206226561355388,
    "x1": 0.16543030801563152,
    "x2": 0.12967350968149058,
    "x3": 0.24311121259177057,
    "x4": 0.4056979309654816,
    "x5": 0.5941422856451907
}