{
    "x0": 0.4275869395983915,
    "x1": 0.12970328901808428,
    "x2": 0.3001147084640515,
    "x3": 0.2799840959522697,
    "x4": 0.2746038052831913,
    "x5": 0.7147672072393286
}