{
    "x0": 0.6577184610068798,
    "x1": 0.9337133802473545,
    "x2": 0.9577757762745023,
    "x3": 0.16036025527864695,
    "x4": 0.7716413559392095,
    "x5": 0.9886263897642493
}