{
    "x0": 0.7182020843029022,
    "x1": 0.24275563284754753,
    "x2": 0.32506132032722235,
    "x3": 0.9885101979598403,
    "x4": 0.406885189935565,
    "x5": 0.8243899559602141
}