{
    "x0": 0.42923363391309977,
    "x1": 0.7521463073790073,
    "x2": 0.6614843243733048,
    "x3": 0.3231577603146434,
    "x4": 0.46867105457931757,
    "x5": 0.004336563870310783
}