{
    "branin": {
        "x2": 4.340480919927359,
        "x27": 8.974945549853146
    }
}