{
    "x0": 3.526872433722019,
    "x1": -1.2974886083975434,
    "x2": 4.340480919927359,
    "x3": 4.783111889846623,
    "x4": 8.881925670430064,
    "x5": 1.6418278263881803,
    "x6": 2.789483373053372,
    "x7": 6.590233435854316,
    "x8": -0.9336896892637014,
    "x9": -2.1777373319491744,
    "x10": -4.977474557235837,
    "x11": 3.895386131480336,
    "x12": 8.592031821608543,
    "x13": 3.3823775872588158,
    "x14": 9.097345359623432,
    "x15": 2.6875686226412654,
    "x16": 1.6867460124194622,
    "x17": -0.11792905163019896,
    "x18": -2.4857225408777595,
    "x19": 5.0504015898332,
    "x20": -4.859447875060141,
    "x21": 3.4761483408510685,
    "x22": -4.301088764332235,
    "x23": 0.5028968909755349,
    "x24": 4.014830333180726,
    "x25": 11.63502877112478,
    "x26": 2.0235997438430786,
    "x27": 8.974945549853146,
    "x28": 0.9385288367047906,
    "x29": 0.469934307038784,
    "x30": 4.2010547406971455,
    "x31": 5.31109684612602,
    "x32": 8.080518362112343,
    "x33": 0.20278645679354668,
    "x34": 10.81008814740926,
    "x35": 4.041078519076109,
    "x36": 12.342985603027046,
    "x37": 4.076509941369295,
    "x38": 12.750364020466805,
    "x39": 6.709047700278461,
    "x40": 6.685098703019321,
    "x41": 14.512235331349075,
    "x42": 0.9270202741026878,
    "x43": 13.496177340857685,
    "x44": 6.327241156250238,
    "x45": 9.650310706347227,
    "x46": 11.353572425432503,
    "x47": 13.76576037146151,
    "x48": 8.810479477979243,
    "x49": 6.2126997532323
}