{
    "x0": -5.0,
    "x1": 10.0,
    "x2": 10.0,
    "x3": 6.735962983217677,
    "x4": 10.0,
    "x5": -5.0,
    "x6": -5.0,
    "x7": 10.0,
    "x8": -5.0,
    "x9": 2.1962196634228714,
    "x10": 10.0,
    "x11": 10.0,
    "x12": -5.0,
    "x13": 10.0,
    "x14": -2.123433761513255,
    "x15": 10.0,
    "x16": 9.854243203344932,
    "x17": 10.0,
    "x18": -5.0,
    "x19": 10.0,
    "x20": 6.772864193680734,
    "x21": 4.826490262537002,
    "x22": -5.0,
    "x23": 4.74880961420344,
    "x24": 10.0,
    "x25": 0.0,
    "x26": 0.0,
    "x27": 3.389661248414675,
    "x28": 15.0,
    "x29": 0.0,
    "x30": 3.1089444509160877,
    "x31": 0.0,
    "x32": 0.0,
    "x33": 0.0,
    "x34": 8.634023913107137,
    "x35": 15.0,
    "x36": 0.0,
    "x37": 15.0,
    "x38": 15.0,
    "x39": 14.533938250576515,
    "x40": 15.0,
    "x41": 12.669852551697026,
    "x42": 0.0,
    "x43": 0.0,
    "x44": 15.0,
    "x45": 4.643637596860752,
    "x46": 0.0,
    "x47": 0.0,
    "x48": 0.0,
    "x49": 9.500623514111217
}