{
    "x0": 0.9340457022190094,
    "x1": 0.26264371257275343,
    "x2": 0.30353494081646204,
    "x3": 0.2979101138189435,
    "x4": 0.790505139157176,
    "x5": 0.7738114818930626
}