{
    "x0": 0.3089356244587004,
    "x1": 0.12714839690399604,
    "x2": 0.3080849926916545,
    "x3": 0.33241311936429085,
    "x4": 0.27033426323285603,
    "x5": 0.6941772245060727
}