{
    "branin": {
        "x2": 9.173065487587346,
        "x27": 2.7864203268903673
    }
}