{
    "x0": -5.0,
    "x1": -5.0,
    "x2": 9.173065487587346,
    "x3": 10.0,
    "x4": -5.0,
    "x5": 10.0,
    "x6": 10.0,
    "x7": -5.0,
    "x8": 10.0,
    "x9": -5.0,
    "x10": 10.0,
    "x11": 10.0,
    "x12": -5.0,
    "x13": 10.0,
    "x14": 10.0,
    "x15": -5.0,
    "x16": -5.0,
    "x17": 10.0,
    "x18": 10.0,
    "x19": -5.0,
    "x20": -5.0,
    "x21": 10.0,
    "x22": -5.0,
    "x23": -5.0,
    "x24": -5.0,
    "x25": 15.0,
    "x26": 15.0,
    "x27": 2.7864203268903673,
    "x28": 0.0,
    "x29": 0.0,
    "x30": 15.0,
    "x31": 0.0,
    "x32": 6.435650698242833,
    "x33": 15.0,
    "x34": 0.0,
    "x35": 0.0,
    "x36": 0.0,
    "x37": 0.0,
    "x38": 0.0,
    "x39": 0.0,
    "x40": 0.0,
    "x41": 0.0,
    "x42": 15.0,
    "x43": 3.8500431808906614,
    "x44": 0.0,
    "x45": 15.0,
    "x46": 0.0,
    "x47": 15.0,
    "x48": 15.0,
    "x49": 15.0
}