{
    "x0": 0.6569762509316206,
    "x1": 0.29673738684505224,
    "x2": 0.13369906693696976,
    "x3": 0.2163340412080288,
    "x4": 0.3231657175347209,
    "x5": 0.5083151180297136
}