{
    "branin": {
        "x2": -2.4806083785369992,
        "x27": 3.2869532285258174
    }
}