{
    "x0": 6.134128249250352,
    "x1": 3.4212247049435973,
    "x2": -2.4806083785369992,
    "x3": 2.436686232686043,
    "x4": 5.947670536115766,
    "x5": -2.1682527754455805,
    "x6": 8.198756640776992,
    "x7": 4.946743166074157,
    "x8": 9.967111060395837,
    "x9": 2.2765501542016864,
    "x10": -3.1207395624369383,
    "x11": -4.54501842148602,
    "x12": -2.401566654443741,
    "x13": -4.984437320381403,
    "x14": 8.596052452921867,
    "x15": 6.738155419006944,
    "x16": 1.6238620830699801,
    "x17": 1.1930912267416716,
    "x18": 2.607238390482962,
    "x19": -2.130969692952931,
    "x20": 2.297648312523961,
    "x21": 1.8411867832764983,
    "x22": 8.210520949214697,
    "x23": -2.952921916730702,
    "x24": -4.874473218806088,
    "x25": 7.682065470144153,
    "x26": 1.294557536020875,
    "x27": 3.2869532285258174,
    "x28": 5.843886150978506,
    "x29": 12.694982886314392,
    "x30": 6.836759727448225,
    "x31": 2.371509885415435,
    "x32": 12.131085433065891,
    "x33": 3.103707474656403,
    "x34": 2.878942620009184,
    "x35": 3.075211769901216,
    "x36": 0.879591191187501,
    "x37": 1.8632213585078716,
    "x38": 8.524063811637461,
    "x39": 2.5331251602619886,
    "x40": 1.7631209688261151,
    "x41": 4.49229933321476,
    "x42": 14.681776952929795,
    "x43": 12.244817717000842,
    "x44": 4.408162864856422,
    "x45": 13.665109626017511,
    "x46": 8.24378932826221,
    "x47": 2.804945628158748,
    "x48": 9.614445674233139,
    "x49": 6.579252351075411
}