{
    "x0": 0.044871218502521515,
    "x1": 0.3218871057033539,
    "x2": 0.607721209526062,
    "x3": 0.010939295403659344,
    "x4": 0.9225975275039673,
    "x5": 0.09617611765861511
}