{
    "x0": 0.18848996937658075,
    "x1": 0.09984107269521801,
    "x2": 0.38349388965183673,
    "x3": 0.28795951880437815,
    "x4": 0.3103205367650225,
    "x5": 0.6719266194875051
}