{
    "x0": 0.21789889689534903,
    "x1": 0.3743990622460842,
    "x2": 0.7212601089850068,
    "x3": 0.6709866747260094,
    "x4": 0.32648139260709286,
    "x5": 0.8353333817794919
}