{
    "x0": 0.3036060450648394,
    "x1": 0.07631113271684219,
    "x2": 0.5576341261457061,
    "x3": 0.27989968875962423,
    "x4": 0.4192749606917492,
    "x5": 0.5634961561310899
}