{
    "x0": 5.195011344207373,
    "x1": 10.0,
    "x2": 10.0,
    "x3": 10.0,
    "x4": 8.958377158172274,
    "x5": -5.0,
    "x6": 10.0,
    "x7": 10.0,
    "x8": 10.0,
    "x9": -5.0,
    "x10": -5.0,
    "x11": -5.0,
    "x12": 10.0,
    "x13": -5.0,
    "x14": -1.1432411606357644,
    "x15": 10.0,
    "x16": 8.465482586217098,
    "x17": -5.0,
    "x18": 10.0,
    "x19": -5.0,
    "x20": -5.0,
    "x21": 10.0,
    "x22": 10.0,
    "x23": -5.0,
    "x24": -5.0,
    "x25": 4.100734541723657,
    "x26": 15.0,
    "x27": 0.0,
    "x28": 0.0,
    "x29": 15.0,
    "x30": 3.459735136232879,
    "x31": 3.9734532837999588,
    "x32": 0.0,
    "x33": 0.0,
    "x34": 0.0,
    "x35": 0.0,
    "x36": 15.0,
    "x37": 0.0,
    "x38": 15.0,
    "x39": 0.0,
    "x40": 15.0,
    "x41": 15.0,
    "x42": 5.81817975616675,
    "x43": 15.0,
    "x44": 15.0,
    "x45": 0.0,
    "x46": 15.0,
    "x47": 15.0,
    "x48": 15.0,
    "x49": 0.0
}