{
    "__type": "Trial",
    "index": 40,
    "trial_type": null,
    "ttl_seconds": null,
    "status": {
        "__type": "TrialStatus",
        "name": "CANDIDATE"
    },
    "time_created": {
        "__type": "datetime",
        "value": "2023-09-04 14:58:03.941421"
    },
    "time_completed": null,
    "time_staged": null,
    "time_run_started": null,
    "abandoned_reason": null,
    "run_metadata": {},
    "stop_metadata": {},
    "generator_run": {
        "__type": "GeneratorRun",
        "arms": [
            {
                "__type": "Arm",
                "parameters": {
                    "x0": 5.195011344207373,
                    "x1": 10.0,
                    "x2": 10.0,
                    "x3": 10.0,
                    "x4": 8.958377158172274,
                    "x5": -5.0,
                    "x6": 10.0,
                    "x7": 10.0,
                    "x8": 10.0,
                    "x9": -5.0,
                    "x10": -5.0,
                    "x11": -5.0,
                    "x12": 10.0,
                    "x13": -5.0,
                    "x14": -1.1432411606357644,
                    "x15": 10.0,
                    "x16": 8.465482586217098,
                    "x17": -5.0,
                    "x18": 10.0,
                    "x19": -5.0,
                    "x20": -5.0,
                    "x21": 10.0,
                    "x22": 10.0,
                    "x23": -5.0,
                    "x24": -5.0,
                    "x25": 4.100734541723657,
                    "x26": 15.0,
                    "x27": 0.0,
                    "x28": 0.0,
                    "x29": 15.0,
                    "x30": 3.459735136232879,
                    "x31": 3.9734532837999588,
                    "x32": 0.0,
                    "x33": 0.0,
                    "x34": 0.0,
                    "x35": 0.0,
                    "x36": 15.0,
                    "x37": 0.0,
                    "x38": 15.0,
                    "x39": 0.0,
                    "x40": 15.0,
                    "x41": 15.0,
                    "x42": 5.81817975616675,
                    "x43": 15.0,
                    "x44": 15.0,
                    "x45": 0.0,
                    "x46": 15.0,
                    "x47": 15.0,
                    "x48": 15.0,
                    "x49": 0.0
                },
                "name": "40_0"
            }
        ],
        "weights": [
            1.0
        ],
        "optimization_config": null,
        "search_space": null,
        "time_created": {
            "__type": "datetime",
            "value": "2023-09-04 14:58:03.941370"
        },
        "model_predictions": [
            {
                "branin": [
                    14.098142067722243
                ]
            },
            {
                "branin": {
                    "branin": [
                        2658.1437232731964
                    ]
                }
            }
        ],
        "best_arm_predictions": [
            {
                "__type": "Arm",
                "parameters": {
                    "x0": 10.0,
                    "x1": -5.0,
                    "x2": 9.464874086072289,
                    "x3": -5.0,
                    "x4": 10.0,
                    "x5": 10.0,
                    "x6": 10.0,
                    "x7": 10.0,
                    "x8": -5.0,
                    "x9": -5.0,
                    "x10": 10.0,
                    "x11": 3.722012155666503,
                    "x12": -5.0,
                    "x13": 10.0,
                    "x14": 10.0,
                    "x15": 10.0,
                    "x16": 10.0,
                    "x17": -5.0,
                    "x18": -5.0,
                    "x19": 10.0,
                    "x20": -5.0,
                    "x21": 10.0,
                    "x22": -5.0,
                    "x23": -5.0,
                    "x24": -5.0,
                    "x25": 15.0,
                    "x26": 0.0,
                    "x27": 2.6553106083649376,
                    "x28": 0.0,
                    "x29": 15.0,
                    "x30": 0.0,
                    "x31": 15.0,
                    "x32": 15.0,
                    "x33": 0.0,
                    "x34": 0.0,
                    "x35": 0.0,
                    "x36": 15.0,
                    "x37": 15.0,
                    "x38": 0.0,
                    "x39": 15.0,
                    "x40": 0.0,
                    "x41": 15.0,
                    "x42": 15.0,
                    "x43": 0.0,
                    "x44": 0.0,
                    "x45": 15.0,
                    "x46": 15.0,
                    "x47": 0.0,
                    "x48": 0.0,
                    "x49": 15.0
                },
                "name": "33_0"
            },
            [
                {
                    "branin": 0.42701875734593386
                },
                {
                    "branin": {
                        "branin": 0.002532229951465326
                    }
                }
            ]
        ],
        "generator_run_type": null,
        "index": 0,
        "fit_time": 65.65145983300317,
        "gen_time": 19.303855708996707,
        "model_key": "FullyBayesian",
        "model_kwargs": {
            "model_constructor": {
                "is_callable_as_path": true,
                "value": "ax.models.torch.fully_bayesian.get_and_fit_model_mcmc"
            },
            "model_predictor": {
                "is_callable_as_path": true,
                "value": "ax.models.torch.fully_bayesian.predict_from_model_mcmc"
            },
            "acqf_constructor": {
                "is_callable_as_path": true,
                "value": "ax.models.torch.fully_bayesian.get_fully_bayesian_acqf"
            },
            "acqf_optimizer": {
                "is_callable_as_path": true,
                "value": "ax.models.torch.botorch_defaults.scipy_optimizer"
            },
            "best_point_recommender": {
                "is_callable_as_path": true,
                "value": "ax.models.torch.botorch_defaults.recommend_best_observed_point"
            },
            "refit_on_cv": false,
            "refit_on_update": true,
            "warm_start_refitting": true,
            "use_input_warping": false,
            "use_saas": null,
            "num_samples": 256,
            "warmup_steps": 512,
            "thinning": 16,
            "max_tree_depth": 6,
            "disable_progbar": false,
            "gp_kernel": "matern",
            "verbose": true,
            "jit_compile": false
        },
        "bridge_kwargs": {
            "transform_configs": {
                "Derelativize": {
                    "use_raw_status_quo": false
                },
                "Winsorize": {
                    "derelativize_with_raw_status_quo": false
                }
            },
            "torch_dtype": {
                "__type": "torch_dtype",
                "value": "torch.float64"
            },
            "torch_device": null,
            "status_quo_name": null,
            "status_quo_features": null,
            "optimization_config": null,
            "fit_out_of_design": false,
            "fit_abandoned": false,
            "fit_tracking_metrics": true,
            "fit_on_init": true,
            "default_model_gen_options": null,
            "transforms": [
                {
                    "__type": "Type[Transform]",
                    "index_in_registry": 16,
                    "transform_type": "<class 'ax.modelbridge.transforms.winsorize.Winsorize'>"
                },
                {
                    "__type": "Type[Transform]",
                    "index_in_registry": 9,
                    "transform_type": "<class 'ax.modelbridge.transforms.remove_fixed.RemoveFixed'>"
                },
                {
                    "__type": "Type[Transform]",
                    "index_in_registry": 7,