{
    "branin": {
        "x2": 9.464874086072289,
        "x27": 2.6553106083649376
    }
}