{
    "x0": 10.0,
    "x1": -5.0,
    "x2": 9.464874086072289,
    "x3": -5.0,
    "x4": 10.0,
    "x5": 10.0,
    "x6": 10.0,
    "x7": 10.0,
    "x8": -5.0,
    "x9": -5.0,
    "x10": 10.0,
    "x11": 3.722012155666503,
    "x12": -5.0,
    "x13": 10.0,
    "x14": 10.0,
    "x15": 10.0,
    "x16": 10.0,
    "x17": -5.0,
    "x18": -5.0,
    "x19": 10.0,
    "x20": -5.0,
    "x21": 10.0,
    "x22": -5.0,
    "x23": -5.0,
    "x24": -5.0,
    "x25": 15.0,
    "x26": 0.0,
    "x27": 2.6553106083649376,
    "x28": 0.0,
    "x29": 15.0,
    "x30": 0.0,
    "x31": 15.0,
    "x32": 15.0,
    "x33": 0.0,
    "x34": 0.0,
    "x35": 0.0,
    "x36": 15.0,
    "x37": 15.0,
    "x38": 0.0,
    "x39": 15.0,
    "x40": 0.0,
    "x41": 15.0,
    "x42": 15.0,
    "x43": 0.0,
    "x44": 0.0,
    "x45": 15.0,
    "x46": 15.0,
    "x47": 0.0,
    "x48": 0.0,
    "x49": 15.0
}