{
    "x0": 0.2978247292339802,
    "x1": 0.6624835720285773,
    "x2": 0.47515717055648565,
    "x3": 0.7078359741717577,
    "x4": 0.5013107182458043,
    "x5": 0.19912173505872488
}