{
    "branin": {
        "x2": -0.8404940040782094,
        "x27": 14.014963028021157
    }
}