{
    "x0": -3.653893955051899,
    "x1": 1.0985364159569144,
    "x2": -0.8404940040782094,
    "x3": -0.3941996255889535,
    "x4": 6.268494138494134,
    "x5": 4.522250411100686,
    "x6": 9.010305819101632,
    "x7": 6.805073991417885,
    "x8": -3.062528669834137,
    "x9": 0.3797985427081585,
    "x10": -2.2858011862263083,
    "x11": -2.223850009031594,
    "x12": 6.813793852925301,
    "x13": -3.0974717624485493,
    "x14": 7.122410973533988,
    "x15": 1.1913629341870546,
    "x16": 1.5987578919157386,
    "x17": 2.7927980944514275,
    "x18": -1.1890109814703465,
    "x19": -4.095164220780134,
    "x20": 4.415313950739801,
    "x21": -1.940820561721921,
    "x22": 2.013971349224448,
    "x23": 6.8919922318309546,
    "x24": 9.117123186588287,
    "x25": 5.31154990196228,
    "x26": 3.281833869405091,
    "x27": 14.014963028021157,
    "x28": 13.648518179543316,
    "x29": 4.352118372917175,
    "x30": 0.4015974747017026,
    "x31": 11.348265213891864,
    "x32": 6.973993764258921,
    "x33": 9.099884661845863,
    "x34": 9.837326263077557,
    "x35": 1.5753501746803522,
    "x36": 7.692693290300667,
    "x37": 1.666452856734395,
    "x38": 8.151518516242504,
    "x39": 14.721436416730285,
    "x40": 4.137167469598353,
    "x41": 9.043454015627503,
    "x42": 8.928363122977316,
    "x43": 5.611671390943229,
    "x44": 10.694324648939073,
    "x45": 11.30395632237196,
    "x46": 7.000068579800427,
    "x47": 6.0713865933939815,
    "x48": 6.806729938834906,
    "x49": 8.02443124819547
}