{
    "x0": 0.73201266489923,
    "x1": 0.3137906324118376,
    "x2": 0.49483539164066315,
    "x3": 0.8232826832681894,
    "x4": 0.7677581962198019,
    "x5": 0.6537844622507691
}