{
    "x0": 0.7123217955231667,
    "x1": 0.8529749540612102,
    "x2": 0.05501002352684736,
    "x3": 0.6262272633612156,
    "x4": 0.9891204396262765,
    "x5": 0.02812344115227461
}