{
    "x0": -5.0,
    "x1": 10.0,
    "x2": 10.0,
    "x3": 10.0,
    "x4": 4.699085740287995,
    "x5": 10.0,
    "x6": 10.0,
    "x7": 10.0,
    "x8": 9.17534170614512,
    "x9": -5.0,
    "x10": -5.0,
    "x11": 10.0,
    "x12": 10.0,
    "x13": -5.0,
    "x14": 0.7988965610720742,
    "x15": -5.0,
    "x16": -5.0,
    "x17": 10.0,
    "x18": -5.0,
    "x19": -5.0,
    "x20": -5.0,
    "x21": 10.0,
    "x22": -0.05859746087750217,
    "x23": -5.0,
    "x24": 10.0,
    "x25": 15.0,
    "x26": 0.0,
    "x27": 0.0,
    "x28": 0.0,
    "x29": 0.40088663701916805,
    "x30": 0.0,
    "x31": 13.309680686619263,
    "x32": 0.0,
    "x33": 15.0,
    "x34": 15.0,
    "x35": 0.0,
    "x36": 15.0,
    "x37": 12.748460735631802,
    "x38": 0.0,
    "x39": 0.0,
    "x40": 15.0,
    "x41": 0.0,
    "x42": 15.0,
    "x43": 0.0,
    "x44": 15.0,
    "x45": 10.103995328436888,
    "x46": 12.543730758110224,
    "x47": 15.0,
    "x48": 0.0,
    "x49": 6.36628666208624
}