{
    "branin": {
        "x2": -2.9463243106219226,
        "x27": 11.365994296043818
    }
}