{
    "x0": 3.147955896212572,
    "x1": 5.225320521428065,
    "x2": -2.9463243106219226,
    "x3": 4.766658767765351,
    "x4": -1.492632952619601,
    "x5": 1.5365419484636327,
    "x6": -2.8254754467585586,
    "x7": -0.7933669933372167,
    "x8": -3.646357525494449,
    "x9": 8.46147188571557,
    "x10": 9.584778458779418,
    "x11": 2.7812859123899125,
    "x12": 5.087276169335116,
    "x13": 1.9887142973191478,
    "x14": 2.8870242920618896,
    "x15": -2.3451385633589172,
    "x16": 2.746973706895619,
    "x17": 7.846600426632563,
    "x18": 9.515023483731666,
    "x19": -3.9162210412279204,
    "x20": 6.160772639767094,
    "x21": 0.38223697836062875,
    "x22": -4.889780913174299,
    "x23": -1.1296221302155907,
    "x24": 8.054216537775607,
    "x25": 4.585821447612043,
    "x26": 4.908839931422208,
    "x27": 11.365994296043818,
    "x28": 14.269965801795092,
    "x29": 12.309494226142876,
    "x30": 13.932482650893157,
    "x31": 11.627024348996677,
    "x32": 10.223638887866986,
    "x33": 7.188374786811933,
    "x34": 7.253066232031246,
    "x35": 7.93836921641469,
    "x36": 0.3754727865783493,
    "x37": 13.385106635985615,
    "x38": 4.646000269575374,
    "x39": 10.450844874626593,
    "x40": 12.282561908961158,
    "x41": 5.139431929035353,
    "x42": 4.3227063787088245,
    "x43": 8.042402425958393,
    "x44": 12.755761515003973,
    "x45": 3.4666730807598896,
    "x46": 11.440283989321498,
    "x47": 5.245865191699142,
    "x48": 6.306388885207035,
    "x49": 7.694508851382755
}