{
    "__type": "Trial",
    "index": 48,
    "trial_type": null,
    "ttl_seconds": null,
    "status": {
        "__type": "TrialStatus",
        "name": "CANDIDATE"
    },
    "time_created": {
        "__type": "datetime",
        "value": "2023-09-04 15:02:41.562712"
    },
    "time_completed": null,
    "time_staged": null,
    "time_run_started": null,
    "abandoned_reason": null,
    "run_metadata": {},
    "stop_metadata": {},
    "generator_run": {
        "__type": "GeneratorRun",
        "arms": [
            {
                "__type": "Arm",
                "parameters": {
                    "x0": 3.147955896212572,
                    "x1": 5.225320521428065,
                    "x2": -2.9463243106219226,
                    "x3": 4.766658767765351,
                    "x4": -1.492632952619601,
                    "x5": 1.5365419484636327,
                    "x6": -2.8254754467585586,
                    "x7": -0.7933669933372167,
                    "x8": -3.646357525494449,
                    "x9": 8.46147188571557,
                    "x10": 9.584778458779418,
                    "x11": 2.7812859123899125,
                    "x12": 5.087276169335116,
                    "x13": 1.9887142973191478,
                    "x14": 2.8870242920618896,
                    "x15": -2.3451385633589172,
                    "x16": 2.746973706895619,
                    "x17": 7.846600426632563,
                    "x18": 9.515023483731666,
                    "x19": -3.9162210412279204,
                    "x20": 6.160772639767094,
                    "x21": 0.38223697836062875,
                    "x22": -4.889780913174299,
                    "x23": -1.1296221302155907,
                    "x24": 8.054216537775607,
                    "x25": 4.585821447612043,
                    "x26": 4.908839931422208,
                    "x27": 11.365994296043818,
                    "x28": 14.269965801795092,
                    "x29": 12.309494226142876,
                    "x30": 13.932482650893157,
                    "x31": 11.627024348996677,
                    "x32": 10.223638887866986,
                    "x33": 7.188374786811933,
                    "x34": 7.253066232031246,
                    "x35": 7.93836921641469,
                    "x36": 0.3754727865783493,
                    "x37": 13.385106635985615,
                    "x38": 4.646000269575374,
                    "x39": 10.450844874626593,
                    "x40": 12.282561908961158,
                    "x41": 5.139431929035353,
                    "x42": 4.3227063787088245,
                    "x43": 8.042402425958393,
                    "x44": 12.755761515003973,
                    "x45": 3.4666730807598896,
                    "x46": 11.440283989321498,
                    "x47": 5.245865191699142,
                    "x48": 6.306388885207035,
                    "x49": 7.694508851382755
                },
                "name": "48_0"
            }
        ],
        "weights": [
            1.0
        ],
        "optimization_config": null,
        "search_space": null,
        "time_created": {
            "__type": "datetime",
            "value": "2023-09-04 15:02:41.562650"
        },
        "model_predictions": [
            {
                "branin": [
                    1.1159207624811458
                ]
            },
            {
                "branin": {
                    "branin": [
                        0.5460556176654765
                    ]
                }
            }
        ],
        "best_arm_predictions": [
            {
                "__type": "Arm",
                "parameters": {
                    "x0": 10.0,
                    "x1": -5.0,
                    "x2": 9.464874086072289,
                    "x3": -5.0,
                    "x4": 10.0,
                    "x5": 10.0,
                    "x6": 10.0,
                    "x7": 10.0,
                    "x8": -5.0,
                    "x9": -5.0,
                    "x10": 10.0,
                    "x11": 3.722012155666503,
                    "x12": -5.0,
                    "x13": 10.0,
                    "x14": 10.0,
                    "x15": 10.0,
                    "x16": 10.0,
                    "x17": -5.0,
                    "x18": -5.0,
                    "x19": 10.0,
                    "x20": -5.0,
                    "x21": 10.0,
                    "x22": -5.0,
                    "x23": -5.0,
                    "x24": -5.0,
                    "x25": 15.0,
                    "x26": 0.0,
                    "x27": 2.6553106083649376,
                    "x28": 0.0,
                    "x29": 15.0,
                    "x30": 0.0,
                    "x31": 15.0,
                    "x32": 15.0,
                    "x33": 0.0,
                    "x34": 0.0,
                    "x35": 0.0,
                    "x36": 15.0,
                    "x37": 15.0,
                    "x38": 0.0,
                    "x39": 15.0,
                    "x40": 0.0,
                    "x41": 15.0,
                    "x42": 15.0,
                    "x43": 0.0,
                    "x44": 0.0,
                    "x45": 15.0,
                    "x46": 15.0,
                    "x47": 0.0,
                    "x48": 0.0,
                    "x49": 15.0
                },
                "name": "33_0"
            },
            [
                {
                    "branin": 0.4288507579063108
                },
                {
                    "branin": {
                        "branin": 0.0023987121818083317
                    }
                }
            ]
        ],
        "generator_run_type": null,
        "index": 0,
        "fit_time": 0.0,
        "gen_time": 1.947105958002794,
        "model_key": "FullyBayesian",
        "model_kwargs": {
            "model_constructor": {
                "is_callable_as_path": true,
                "value": "ax.models.torch.fully_bayesian.get_and_fit_model_mcmc"
            },
            "model_predictor": {
                "is_callable_as_path": true,
                "value": "ax.models.torch.fully_bayesian.predict_from_model_mcmc"
            },
            "acqf_constructor": {
                "is_callable_as_path": true,
                "value": "ax.models.torch.fully_bayesian.get_fully_bayesian_acqf"
            },
            "acqf_optimizer": {
                "is_callable_as_path": true,
                "value": "ax.models.torch.botorch_defaults.scipy_optimizer"
            },
            "best_point_recommender": {
                "is_callable_as_path": true,
                "value": "ax.models.torch.botorch_defaults.recommend_best_observed_point"
            },
            "refit_on_cv": false,
            "refit_on_update": true,
            "warm_start_refitting": true,
            "use_input_warping": false,
            "use_saas": null,
            "num_samples": 256,
            "warmup_steps": 512,
            "thinning": 16,
            "max_tree_depth": 6,
            "disable_progbar": false,
            "gp_kernel": "matern",
            "verbose": true,
            "jit_compile": false
        },
        "bridge_kwargs": {
            "transform_configs": {
                "Derelativize": {
                    "use_raw_status_quo": false
                },
                "Winsorize": {
                    "derelativize_with_raw_status_quo": false
                }
            },
            "torch_dtype": {
                "__type": "torch_dtype",
                "value": "torch.float64"
            },
            "torch_device": null,
            "status_quo_name": null,
            "status_quo_features": null,
            "optimization_config": null,
            "fit_out_of_design": false,
            "fit_abandoned": false,
            "fit_tracking_metrics": true,
            "fit_on_init": true,
            "default_model_gen_options": null,