{
    "x0": 10.0,
    "x1": 10.0,
    "x2": 10.0,
    "x3": -5.0,
    "x4": 10.0,
    "x5": -5.0,
    "x6": -5.0,
    "x7": 10.0,
    "x8": 10.0,
    "x9": 9.273522124855301,
    "x10": 10.0,
    "x11": -5.0,
    "x12": 10.0,
    "x13": -5.0,
    "x14": 10.0,
    "x15": 10.0,
    "x16": -5.0,
    "x17": 10.0,
    "x18": -5.0,
    "x19": -5.0,
    "x20": 10.0,
    "x21": -5.0,
    "x22": -5.0,
    "x23": -5.0,
    "x24": 10.0,
    "x25": 0.0,
    "x26": 0.0,
    "x27": 3.32002044451777,
    "x28": 15.0,
    "x29": 0.0,
    "x30": 15.0,
    "x31": 0.0,
    "x32": 0.0,
    "x33": 0.0,
    "x34": 0.0,
    "x35": 0.0,
    "x36": 0.0,
    "x37": 0.0,
    "x38": 0.0,
    "x39": 0.0,
    "x40": 15.0,
    "x41": 15.0,
    "x42": 0.0,
    "x43": 15.0,
    "x44": 15.0,
    "x45": 0.0,
    "x46": 5.424627870882134,
    "x47": 0.0,
    "x48": 0.0,
    "x49": 8.34877626180519
}