{
    "__type": "Trial",
    "index": 23,
    "trial_type": null,
    "ttl_seconds": null,
    "status": {
        "__type": "TrialStatus",
        "name": "CANDIDATE"
    },
    "time_created": {
        "__type": "datetime",
        "value": "2023-09-04 14:48:50.201477"
    },
    "time_completed": null,
    "time_staged": null,
    "time_run_started": null,
    "abandoned_reason": null,
    "run_metadata": {},
    "stop_metadata": {},
    "generator_run": {
        "__type": "GeneratorRun",
        "arms": [
            {
                "__type": "Arm",
                "parameters": {
                    "x0": 10.0,
                    "x1": 10.0,
                    "x2": 10.0,
                    "x3": -5.0,
                    "x4": 10.0,
                    "x5": -5.0,
                    "x6": -5.0,
                    "x7": 10.0,
                    "x8": 10.0,
                    "x9": 9.273522124855301,
                    "x10": 10.0,
                    "x11": -5.0,
                    "x12": 10.0,
                    "x13": -5.0,
                    "x14": 10.0,
                    "x15": 10.0,
                    "x16": -5.0,
                    "x17": 10.0,
                    "x18": -5.0,
                    "x19": -5.0,
                    "x20": 10.0,
                    "x21": -5.0,
                    "x22": -5.0,
                    "x23": -5.0,
                    "x24": 10.0,
                    "x25": 0.0,
                    "x26": 0.0,
                    "x27": 3.32002044451777,
                    "x28": 15.0,
                    "x29": 0.0,
                    "x30": 15.0,
                    "x31": 0.0,
                    "x32": 0.0,
                    "x33": 0.0,
                    "x34": 0.0,
                    "x35": 0.0,
                    "x36": 0.0,
                    "x37": 0.0,
                    "x38": 0.0,
                    "x39": 0.0,
                    "x40": 15.0,
                    "x41": 15.0,
                    "x42": 0.0,
                    "x43": 15.0,
                    "x44": 15.0,
                    "x45": 0.0,
                    "x46": 5.424627870882134,
                    "x47": 0.0,
                    "x48": 0.0,
                    "x49": 8.34877626180519
                },
                "name": "23_0"
            }
        ],
        "weights": [
            1.0
        ],
        "optimization_config": null,
        "search_space": null,
        "time_created": {
            "__type": "datetime",
            "value": "2023-09-04 14:48:50.201418"
        },
        "model_predictions": [
            {
                "branin": [
                    22.660059397786416
                ]
            },
            {
                "branin": {
                    "branin": [
                        2444.52701517558
                    ]
                }
            }
        ],
        "best_arm_predictions": [
            {
                "__type": "Arm",
                "parameters": {
                    "x0": -5.0,
                    "x1": 10.0,
                    "x2": 10.0,
                    "x3": 6.735962983217677,
                    "x4": 10.0,
                    "x5": -5.0,
                    "x6": -5.0,
                    "x7": 10.0,
                    "x8": -5.0,
                    "x9": 2.1962196634228714,
                    "x10": 10.0,
                    "x11": 10.0,
                    "x12": -5.0,
                    "x13": 10.0,
                    "x14": -2.123433761513255,
                    "x15": 10.0,
                    "x16": 9.854243203344932,
                    "x17": 10.0,
                    "x18": -5.0,
                    "x19": 10.0,
                    "x20": 6.772864193680734,
                    "x21": 4.826490262537002,
                    "x22": -5.0,
                    "x23": 4.74880961420344,
                    "x24": 10.0,
                    "x25": 0.0,
                    "x26": 0.0,
                    "x27": 3.389661248414675,
                    "x28": 15.0,
                    "x29": 0.0,
                    "x30": 3.1089444509160877,
                    "x31": 0.0,
                    "x32": 0.0,
                    "x33": 0.0,
                    "x34": 8.634023913107137,
                    "x35": 15.0,
                    "x36": 0.0,
                    "x37": 15.0,
                    "x38": 15.0,
                    "x39": 14.533938250576515,
                    "x40": 15.0,
                    "x41": 12.669852551697026,
                    "x42": 0.0,
                    "x43": 0.0,
                    "x44": 15.0,
                    "x45": 4.643637596860752,
                    "x46": 0.0,
                    "x47": 0.0,
                    "x48": 0.0,
                    "x49": 9.500623514111217
                },
                "name": "12_0"
            },
            [
                {
                    "branin": 2.0927842701236443
                },
                {
                    "branin": {
                        "branin": 0.0021672036327117197
                    }
                }
            ]
        ],
        "generator_run_type": null,
        "index": 0,
        "fit_time": 0.0,
        "gen_time": 4.3741297500018845,
        "model_key": "FullyBayesian",
        "model_kwargs": {
            "model_constructor": {
                "is_callable_as_path": true,
                "value": "ax.models.torch.fully_bayesian.get_and_fit_model_mcmc"
            },
            "model_predictor": {
                "is_callable_as_path": true,
                "value": "ax.models.torch.fully_bayesian.predict_from_model_mcmc"
            },
            "acqf_constructor": {
                "is_callable_as_path": true,
                "value": "ax.models.torch.fully_bayesian.get_fully_bayesian_acqf"
            },
            "acqf_optimizer": {
                "is_callable_as_path": true,
                "value": "ax.models.torch.botorch_defaults.scipy_optimizer"
            },
            "best_point_recommender": {
                "is_callable_as_path": true,
                "value": "ax.models.torch.botorch_defaults.recommend_best_observed_point"
            },
            "refit_on_cv": false,
            "refit_on_update": true,
            "warm_start_refitting": true,
            "use_input_warping": false,
            "use_saas": null,
            "num_samples": 256,
            "warmup_steps": 512,
            "thinning": 16,
            "max_tree_depth": 6,
            "disable_progbar": false,
            "gp_kernel": "matern",
            "verbose": true,
            "jit_compile": false
        },
        "bridge_kwargs": {
            "transform_configs": {
                "Derelativize": {
                    "use_raw_status_quo": false
                },
                "Winsorize": {
                    "derelativize_with_raw_status_quo": false
                }
            },
            "torch_dtype": {
                "__type": "torch_dtype",
                "value": "torch.float64"
            },
            "torch_device": null,
            "status_quo_name": null,
            "status_quo_features": null,
            "optimization_config": null,
            "fit_out_of_design": false,
            "fit_abandoned": false,
            "fit_tracking_metrics": true,
            "fit_on_init": true,
            "default_model_gen_options": null,
            "transforms": [
                {
                    "__type": "Type[Transform]",
                    "index_in_registry": 16,
                    "transform_type": "<class 'ax.modelbridge.transforms.winsorize.Winsorize'>"
                },
                {
                    "__type": "Type[Transform]",
                    "index_in_registry": 9,