{
    "x0": 0.9012106908485293,
    "x1": 0.024473613128066063,
    "x2": 0.8279877239838243,
    "x3": 0.02931827772408724,
    "x4": 0.19692742452025414,
    "x5": 0.13250281382352114
}