{
    "x0": 0.22345104720443487,
    "x1": 0.6423176666721702,
    "x2": 0.8144994741305709,
    "x3": 0.05149886850267649,
    "x4": 0.9741508578881621,
    "x5": 0.5215477533638477
}