{
    "branin": {
        "x2": -3.2357110313943434,
        "x27": 12.762577049410767
    }
}