{
    "x0": 10.0,
    "x1": 10.0,
    "x2": -3.2357110313943434,
    "x3": -5.0,
    "x4": 10.0,
    "x5": -5.0,
    "x6": 10.0,
    "x7": 10.0,
    "x8": 10.0,
    "x9": 10.0,
    "x10": 10.0,
    "x11": 7.7972744315161755,
    "x12": -5.0,
    "x13": -5.0,
    "x14": 10.0,
    "x15": 10.0,
    "x16": -5.0,
    "x17": 10.0,
    "x18": -5.0,
    "x19": -5.0,
    "x20": -5.0,
    "x21": -5.0,
    "x22": 10.0,
    "x23": -5.0,
    "x24": -5.0,
    "x25": 0.0,
    "x26": 0.0,
    "x27": 12.762577049410767,
    "x28": 0.0,
    "x29": 15.0,
    "x30": 0.0,
    "x31": 0.0,
    "x32": 0.0,
    "x33": 15.0,
    "x34": 0.0,
    "x35": 0.0,
    "x36": 0.0,
    "x37": 0.0,
    "x38": 15.0,
    "x39": 15.0,
    "x40": 0.0,
    "x41": 15.0,
    "x42": 15.0,
    "x43": 15.0,
    "x44": 15.0,
    "x45": 0.0,
    "x46": 0.0,
    "x47": 15.0,
    "x48": 15.0,
    "x49": 15.0
}