{
    "x0": 0.5204008940350573,
    "x1": 0.14033957021270305,
    "x2": 0.2564024852739244,
    "x3": 0.2588659255229707,
    "x4": 0.3217535219354458,
    "x5": 0.7003737846637006
}