{
    "x0": 0.6784787784341889,
    "x1": 0.0,
    "x2": 0.3105794498354894,
    "x3": 0.5657928408938006,
    "x4": 0.1440088440483806,
    "x5": 0.647697952465562
}