{
    "x0": 0.5500597891657856,
    "x1": 0.06931129340852682,
    "x2": 0.3319950406142029,
    "x3": 0.2238706221045779,
    "x4": 0.3186117627160559,
    "x5": 0.7674337927117622
}