{
    "x0": 0.9099897863343358,
    "x1": 0.0013955533504486084,
    "x2": 0.9426649268716574,
    "x3": 0.9266709722578526,
    "x4": 0.3791472315788269,
    "x5": 0.045488106086850166
}