{
    "x0": 0.35038028254220177,
    "x1": 0.15029937718214897,
    "x2": 0.32189106255764605,
    "x3": 0.2957747888431721,
    "x4": 0.23563861173734565,
    "x5": 0.6916062843415584
}