{
    "x0": 0.47429367777336573,
    "x1": 0.1655859171438182,
    "x2": 0.18117201961398485,
    "x3": 0.20055328001558803,
    "x4": 0.3433514163828547,
    "x5": 0.7216962508876754
}