{
    "parameters": {
        "x0": -5.0,
        "x1": 10.0,
        "x2": 10.0,
        "x3": 10.0,
        "x4": -5.0,
        "x5": -5.0,
        "x6": -5.0,
        "x7": -5.0,
        "x8": 10.0,
        "x9": -5.0,
        "x10": 10.0,
        "x11": 10.0,
        "x12": -5.0,
        "x13": 10.0,
        "x14": -0.17403375506698993,
        "x15": -5.0,
        "x16": 3.9063991106250224,
        "x17": -5.0,
        "x18": -5.0,
        "x19": 1.6183292704637013,
        "x20": 10.0,
        "x21": 8.059253632973087,
        "x22": -5.0,
        "x23": 10.0,
        "x24": -5.0,
        "x25": 15.0,
        "x26": 15.0,
        "x27": 0.0,
        "x28": 15.0,
        "x29": 0.0,
        "x30": 15.0,
        "x31": 5.328867088339183,
        "x32": 15.0,
        "x33": 0.0,
        "x34": 0.0,
        "x35": 15.0,
        "x36": 0.0,
        "x37": 15.0,
        "x38": 0.0,
        "x39": 15.0,
        "x40": 0.0,
        "x41": 0.0,
        "x42": 15.0,
        "x43": 0.0,
        "x44": 5.281278571040787,
        "x45": 15.0,
        "x46": 0.0,
        "x47": 0.0,
        "x48": 0.0,
        "x49": 15.0
    },
    "trial": {
        "__type": "Trial",
        "index": 43,
        "trial_type": null,
        "ttl_seconds": null,
        "status": {
            "__type": "TrialStatus",
            "name": "CANDIDATE"
        },
        "time_created": {
            "__type": "datetime",
            "value": "2023-09-04 14:59:53.851579"
        },
        "time_completed": null,
        "time_staged": null,
        "time_run_started": null,
        "abandoned_reason": null,
        "run_metadata": {},
        "stop_metadata": {},
        "generator_run": {
            "__type": "GeneratorRun",
            "arms": [
                {
                    "__type": "Arm",
                    "parameters": {
                        "x0": -5.0,
                        "x1": 10.0,
                        "x2": 10.0,
                        "x3": 10.0,
                        "x4": -5.0,
                        "x5": -5.0,
                        "x6": -5.0,
                        "x7": -5.0,
                        "x8": 10.0,
                        "x9": -5.0,
                        "x10": 10.0,
                        "x11": 10.0,
                        "x12": -5.0,
                        "x13": 10.0,
                        "x14": -0.17403375506698993,
                        "x15": -5.0,
                        "x16": 3.9063991106250224,
                        "x17": -5.0,
                        "x18": -5.0,
                        "x19": 1.6183292704637013,
                        "x20": 10.0,
                        "x21": 8.059253632973087,
                        "x22": -5.0,
                        "x23": 10.0,
                        "x24": -5.0,
                        "x25": 15.0,
                        "x26": 15.0,
                        "x27": 0.0,
                        "x28": 15.0,
                        "x29": 0.0,
                        "x30": 15.0,
                        "x31": 5.328867088339183,
                        "x32": 15.0,
                        "x33": 0.0,
                        "x34": 0.0,
                        "x35": 15.0,
                        "x36": 0.0,
                        "x37": 15.0,
                        "x38": 0.0,
                        "x39": 15.0,
                        "x40": 0.0,
                        "x41": 0.0,
                        "x42": 15.0,
                        "x43": 0.0,
                        "x44": 5.281278571040787,
                        "x45": 15.0,
                        "x46": 0.0,
                        "x47": 0.0,
                        "x48": 0.0,
                        "x49": 15.0
                    },
                    "name": "43_0"
                }
            ],
            "weights": [
                1.0
            ],
            "optimization_config": null,
            "search_space": null,
            "time_created": {
                "__type": "datetime",
                "value": "2023-09-04 14:59:53.851528"
            },
            "model_predictions": [
                {
                    "branin": [
                        13.302045635375762
                    ]
                },
                {
                    "branin": {
                        "branin": [
                            1518.4657588644448
                        ]
                    }
                }
            ],
            "best_arm_predictions": [
                {
                    "__type": "Arm",
                    "parameters": {
                        "x0": 10.0,
                        "x1": -5.0,
                        "x2": 9.464874086072289,
                        "x3": -5.0,
                        "x4": 10.0,
                        "x5": 10.0,
                        "x6": 10.0,
                        "x7": 10.0,
                        "x8": -5.0,
                        "x9": -5.0,
                        "x10": 10.0,
                        "x11": 3.722012155666503,
                        "x12": -5.0,
                        "x13": 10.0,
                        "x14": 10.0,
                        "x15": 10.0,
                        "x16": 10.0,
                        "x17": -5.0,
                        "x18": -5.0,
                        "x19": 10.0,
                        "x20": -5.0,
                        "x21": 10.0,
                        "x22": -5.0,
                        "x23": -5.0,
                        "x24": -5.0,
                        "x25": 15.0,
                        "x26": 0.0,
                        "x27": 2.6553106083649376,
                        "x28": 0.0,
                        "x29": 15.0,
                        "x30": 0.0,
                        "x31": 15.0,
                        "x32": 15.0,
                        "x33": 0.0,
                        "x34": 0.0,
                        "x35": 0.0,
                        "x36": 15.0,
                        "x37": 15.0,
                        "x38": 0.0,
                        "x39": 15.0,
                        "x40": 0.0,
                        "x41": 15.0,
                        "x42": 15.0,
                        "x43": 0.0,
                        "x44": 0.0,
                        "x45": 15.0,
                        "x46": 15.0,
                        "x47": 0.0,
                        "x48": 0.0,
                        "x49": 15.0
                    },
                    "name": "33_0"
                },
                [
                    {
                        "branin": 0.427328286435646
                    },
                    {
                        "branin": {
                            "branin": 0.0022824574263302683
                        }
                    }
                ]
            ],
            "generator_run_type": null,
            "index": 0,
            "fit_time": 47.558625833000406,
            "gen_time": 31.95204104200093,
            "model_key": "FullyBayesian",
            "model_kwargs": {
                "model_constructor": {
                    "is_callable_as_path": true,
                    "value": "ax.models.torch.fully_bayesian.get_and_fit_model_mcmc"
                },
                "model_predictor": {
                    "is_callable_as_path": true,
                    "value": "ax.models.torch.fully_bayesian.predict_from_model_mcmc"
                },
                "acqf_constructor": {
                    "is_callable_as_path": true,
                    "value": "ax.models.torch.fully_bayesian.get_fully_bayesian_acqf"
                },
                "acqf_optimizer": {
                    "is_callable_as_path": true,
                    "value": "ax.models.torch.botorch_defaults.scipy_optimizer"
                },
                "best_point_recommender": {
                    "is_callable_as_path": true,