{
    "x0": -5.0,
    "x1": 10.0,
    "x2": 10.0,
    "x3": 10.0,
    "x4": -5.0,
    "x5": -5.0,
    "x6": -5.0,
    "x7": -5.0,
    "x8": 10.0,
    "x9": -5.0,
    "x10": 10.0,
    "x11": 10.0,
    "x12": -5.0,
    "x13": 10.0,
    "x14": -0.17403375506698993,
    "x15": -5.0,
    "x16": 3.9063991106250224,
    "x17": -5.0,
    "x18": -5.0,
    "x19": 1.6183292704637013,
    "x20": 10.0,
    "x21": 8.059253632973087,
    "x22": -5.0,
    "x23": 10.0,
    "x24": -5.0,
    "x25": 15.0,
    "x26": 15.0,
    "x27": 0.0,
    "x28": 15.0,
    "x29": 0.0,
    "x30": 15.0,
    "x31": 5.328867088339183,
    "x32": 15.0,
    "x33": 0.0,
    "x34": 0.0,
    "x35": 15.0,
    "x36": 0.0,
    "x37": 15.0,
    "x38": 0.0,
    "x39": 15.0,
    "x40": 0.0,
    "x41": 0.0,
    "x42": 15.0,
    "x43": 0.0,
    "x44": 5.281278571040787,
    "x45": 15.0,
    "x46": 0.0,
    "x47": 0.0,
    "x48": 0.0,
    "x49": 15.0
}