{
    "x0": 0.1573757878464873,
    "x1": 0.16538294181733218,
    "x2": 0.47795500113504985,
    "x3": 0.2804363105577059,
    "x4": 0.29436406860375863,
    "x5": 0.6647525154729089
}