{
    "branin": {
        "x2": -3.3687196758615245,
        "x27": 12.20116169786002
    }
}