{
    "parameters": {
        "x0": -5.0,
        "x1": -5.0,
        "x2": -3.0065767274330533,
        "x3": 10.0,
        "x4": -5.0,
        "x5": 10.0,
        "x6": -5.0,
        "x7": -5.0,
        "x8": 6.630018380743845,
        "x9": -5.0,
        "x10": -5.0,
        "x11": -5.0,
        "x12": 10.0,
        "x13": 10.0,
        "x14": -5.0,
        "x15": -5.0,
        "x16": 10.0,
        "x17": -5.0,
        "x18": 3.113802893589831,
        "x19": 10.0,
        "x20": 10.0,
        "x21": 1.6469665214918479,
        "x22": -5.0,
        "x23": 10.0,
        "x24": 10.0,
        "x25": 15.0,
        "x26": 15.0,
        "x27": 12.122653422301614,
        "x28": 15.0,
        "x29": 15.0,
        "x30": 15.0,
        "x31": 15.0,
        "x32": 15.0,
        "x33": 0.0,
        "x34": 2.407678573804175,
        "x35": 15.0,
        "x36": 15.0,
        "x37": 15.0,
        "x38": 0.0,
        "x39": 7.648977832511267,
        "x40": 15.0,
        "x41": 0.0,
        "x42": 0.0,
        "x43": 0.0,
        "x44": 0.0,
        "x45": 15.0,
        "x46": 15.0,
        "x47": 15.0,
        "x48": 8.78945465686926,
        "x49": 0.0
    },
    "trial": {
        "__type": "Trial",
        "index": 37,
        "trial_type": null,
        "ttl_seconds": null,
        "status": {
            "__type": "TrialStatus",
            "name": "CANDIDATE"
        },
        "time_created": {
            "__type": "datetime",
            "value": "2023-09-04 14:56:11.231055"
        },
        "time_completed": null,
        "time_staged": null,
        "time_run_started": null,
        "abandoned_reason": null,
        "run_metadata": {},
        "stop_metadata": {},
        "generator_run": {
            "__type": "GeneratorRun",
            "arms": [
                {
                    "__type": "Arm",
                    "parameters": {
                        "x0": -5.0,
                        "x1": -5.0,
                        "x2": -3.0065767274330533,
                        "x3": 10.0,
                        "x4": -5.0,
                        "x5": 10.0,
                        "x6": -5.0,
                        "x7": -5.0,
                        "x8": 6.630018380743845,
                        "x9": -5.0,
                        "x10": -5.0,
                        "x11": -5.0,
                        "x12": 10.0,
                        "x13": 10.0,
                        "x14": -5.0,
                        "x15": -5.0,
                        "x16": 10.0,
                        "x17": -5.0,
                        "x18": 3.113802893589831,
                        "x19": 10.0,
                        "x20": 10.0,
                        "x21": 1.6469665214918479,
                        "x22": -5.0,
                        "x23": 10.0,
                        "x24": 10.0,
                        "x25": 15.0,
                        "x26": 15.0,
                        "x27": 12.122653422301614,
                        "x28": 15.0,
                        "x29": 15.0,
                        "x30": 15.0,
                        "x31": 15.0,
                        "x32": 15.0,
                        "x33": 0.0,
                        "x34": 2.407678573804175,
                        "x35": 15.0,
                        "x36": 15.0,
                        "x37": 15.0,
                        "x38": 0.0,
                        "x39": 7.648977832511267,
                        "x40": 15.0,
                        "x41": 0.0,
                        "x42": 0.0,
                        "x43": 0.0,
                        "x44": 0.0,
                        "x45": 15.0,
                        "x46": 15.0,
                        "x47": 15.0,
                        "x48": 8.78945465686926,
                        "x49": 0.0
                    },
                    "name": "37_0"
                }
            ],
            "weights": [
                1.0
            ],
            "optimization_config": null,
            "search_space": null,
            "time_created": {
                "__type": "datetime",
                "value": "2023-09-04 14:56:11.231004"
            },
            "model_predictions": [
                {
                    "branin": [
                        1.6428026370352384
                    ]
                },
                {
                    "branin": {
                        "branin": [
                            2.68244267042988
                        ]
                    }
                }
            ],
            "best_arm_predictions": [
                {
                    "__type": "Arm",
                    "parameters": {
                        "x0": 10.0,
                        "x1": -5.0,
                        "x2": 9.464874086072289,
                        "x3": -5.0,
                        "x4": 10.0,
                        "x5": 10.0,
                        "x6": 10.0,
                        "x7": 10.0,
                        "x8": -5.0,
                        "x9": -5.0,
                        "x10": 10.0,
                        "x11": 3.722012155666503,
                        "x12": -5.0,
                        "x13": 10.0,
                        "x14": 10.0,
                        "x15": 10.0,
                        "x16": 10.0,
                        "x17": -5.0,
                        "x18": -5.0,
                        "x19": 10.0,
                        "x20": -5.0,
                        "x21": 10.0,
                        "x22": -5.0,
                        "x23": -5.0,
                        "x24": -5.0,
                        "x25": 15.0,
                        "x26": 0.0,
                        "x27": 2.6553106083649376,
                        "x28": 0.0,
                        "x29": 15.0,
                        "x30": 0.0,
                        "x31": 15.0,
                        "x32": 15.0,
                        "x33": 0.0,
                        "x34": 0.0,
                        "x35": 0.0,
                        "x36": 15.0,
                        "x37": 15.0,
                        "x38": 0.0,
                        "x39": 15.0,
                        "x40": 0.0,
                        "x41": 15.0,
                        "x42": 15.0,
                        "x43": 0.0,
                        "x44": 0.0,
                        "x45": 15.0,
                        "x46": 15.0,
                        "x47": 0.0,
                        "x48": 0.0,
                        "x49": 15.0
                    },
                    "name": "33_0"
                },
                [
                    {
                        "branin": 0.4289742140820536
                    },
                    {
                        "branin": {
                            "branin": 0.0026026340016151533
                        }
                    }
                ]
            ],
            "generator_run_type": null,
            "index": 0,
            "fit_time": 44.78881866699521,
            "gen_time": 17.479564249995747,
            "model_key": "FullyBayesian",
            "model_kwargs": {
                "model_constructor": {
                    "is_callable_as_path": true,
                    "value": "ax.models.torch.fully_bayesian.get_and_fit_model_mcmc"
                },
                "model_predictor": {
                    "is_callable_as_path": true,
                    "value": "ax.models.torch.fully_bayesian.predict_from_model_mcmc"
                },
                "acqf_constructor": {
                    "is_callable_as_path": true,
                    "value": "ax.models.torch.fully_bayesian.get_fully_bayesian_acqf"
                },
                "acqf_optimizer": {
                    "is_callable_as_path": true,
                    "value": "ax.models.torch.botorch_defaults.scipy_optimizer"
                },