{
    "branin": {
        "x2": -3.0065767274330533,
        "x27": 12.122653422301614
    }
}