{
    "x0": -5.0,
    "x1": -5.0,
    "x2": -3.0065767274330533,
    "x3": 10.0,
    "x4": -5.0,
    "x5": 10.0,
    "x6": -5.0,
    "x7": -5.0,
    "x8": 6.630018380743845,
    "x9": -5.0,
    "x10": -5.0,
    "x11": -5.0,
    "x12": 10.0,
    "x13": 10.0,
    "x14": -5.0,
    "x15": -5.0,
    "x16": 10.0,
    "x17": -5.0,
    "x18": 3.113802893589831,
    "x19": 10.0,
    "x20": 10.0,
    "x21": 1.6469665214918479,
    "x22": -5.0,
    "x23": 10.0,
    "x24": 10.0,
    "x25": 15.0,
    "x26": 15.0,
    "x27": 12.122653422301614,
    "x28": 15.0,
    "x29": 15.0,
    "x30": 15.0,
    "x31": 15.0,
    "x32": 15.0,
    "x33": 0.0,
    "x34": 2.407678573804175,
    "x35": 15.0,
    "x36": 15.0,
    "x37": 15.0,
    "x38": 0.0,
    "x39": 7.648977832511267,
    "x40": 15.0,
    "x41": 0.0,
    "x42": 0.0,
    "x43": 0.0,
    "x44": 0.0,
    "x45": 15.0,
    "x46": 15.0,
    "x47": 15.0,
    "x48": 8.78945465686926,
    "x49": 0.0
}