{
    "branin": {
        "x2": 1.7419138806303813,
        "x27": 7.237851050348795
    }
}