{
    "x0": -5.0,
    "x1": 10.0,
    "x2": 1.7419138806303813,
    "x3": -1.817049322829308,
    "x4": 10.0,
    "x5": -5.0,
    "x6": -5.0,
    "x7": 10.0,
    "x8": -5.0,
    "x9": -5.0,
    "x10": 10.0,
    "x11": 10.0,
    "x12": 10.0,
    "x13": -5.0,
    "x14": 10.0,
    "x15": -4.73057278361445,
    "x16": 10.0,
    "x17": 10.0,
    "x18": -5.0,
    "x19": -4.787405201316411,
    "x20": -5.0,
    "x21": 3.5313318310468755,
    "x22": -5.0,
    "x23": -5.0,
    "x24": -5.0,
    "x25": 0.0,
    "x26": 0.0,
    "x27": 7.237851050348795,
    "x28": 15.0,
    "x29": 0.0,
    "x30": 0.7562153718964497,
    "x31": 0.0,
    "x32": 0.0,
    "x33": 9.923742216282932,
    "x34": 15.0,
    "x35": 10.273514917829308,
    "x36": 15.0,
    "x37": 0.0,
    "x38": 0.0,
    "x39": 0.0,
    "x40": 1.071172581642387,
    "x41": 5.085289386886842,
    "x42": 15.0,
    "x43": 0.0,
    "x44": 11.799065871468839,
    "x45": 10.121574691259095,
    "x46": 6.142711932095546,
    "x47": 0.0,
    "x48": 0.0,
    "x49": 6.590746547361201
}