{
    "__type": "Trial",
    "index": 11,
    "trial_type": null,
    "ttl_seconds": null,
    "status": {
        "__type": "TrialStatus",
        "name": "CANDIDATE"
    },
    "time_created": {
        "__type": "datetime",
        "value": "2023-09-04 14:44:48.150475"
    },
    "time_completed": null,
    "time_staged": null,
    "time_run_started": null,
    "abandoned_reason": null,
    "run_metadata": {},
    "stop_metadata": {},
    "generator_run": {
        "__type": "GeneratorRun",
        "arms": [
            {
                "__type": "Arm",
                "parameters": {
                    "x0": -5.0,
                    "x1": 10.0,
                    "x2": 1.7419138806303813,
                    "x3": -1.817049322829308,
                    "x4": 10.0,
                    "x5": -5.0,
                    "x6": -5.0,
                    "x7": 10.0,
                    "x8": -5.0,
                    "x9": -5.0,
                    "x10": 10.0,
                    "x11": 10.0,
                    "x12": 10.0,
                    "x13": -5.0,
                    "x14": 10.0,
                    "x15": -4.73057278361445,
                    "x16": 10.0,
                    "x17": 10.0,
                    "x18": -5.0,
                    "x19": -4.787405201316411,
                    "x20": -5.0,
                    "x21": 3.5313318310468755,
                    "x22": -5.0,
                    "x23": -5.0,
                    "x24": -5.0,
                    "x25": 0.0,
                    "x26": 0.0,
                    "x27": 7.237851050348795,
                    "x28": 15.0,
                    "x29": 0.0,
                    "x30": 0.7562153718964497,
                    "x31": 0.0,
                    "x32": 0.0,
                    "x33": 9.923742216282932,
                    "x34": 15.0,
                    "x35": 10.273514917829308,
                    "x36": 15.0,
                    "x37": 0.0,
                    "x38": 0.0,
                    "x39": 0.0,
                    "x40": 1.071172581642387,
                    "x41": 5.085289386886842,
                    "x42": 15.0,
                    "x43": 0.0,
                    "x44": 11.799065871468839,
                    "x45": 10.121574691259095,
                    "x46": 6.142711932095546,
                    "x47": 0.0,
                    "x48": 0.0,
                    "x49": 6.590746547361201
                },
                "name": "11_0"
            }
        ],
        "weights": [
            1.0
        ],
        "optimization_config": null,
        "search_space": null,
        "time_created": {
            "__type": "datetime",
            "value": "2023-09-04 14:44:48.150417"
        },
        "model_predictions": [
            {
                "branin": [
                    36.179091107826615
                ]
            },
            {
                "branin": {
                    "branin": [
                        6656.943086468595
                    ]
                }
            }
        ],
        "best_arm_predictions": [
            {
                "__type": "Arm",
                "parameters": {
                    "x0": -4.521820610389113,
                    "x1": 9.734090617857873,
                    "x2": 2.803382915444672,
                    "x3": 8.688467196188867,
                    "x4": 5.38235972635448,
                    "x5": 7.5077233184129,
                    "x6": 5.820335638709366,
                    "x7": 8.533299826085567,
                    "x8": 1.3891104981303215,
                    "x9": -3.8484051963314414,
                    "x10": 9.67386535834521,
                    "x11": 7.877092892304063,
                    "x12": 8.737727208063006,
                    "x13": -2.3368390277028084,
                    "x14": 6.858192416839302,
                    "x15": -1.3775655394420028,
                    "x16": 4.037129352800548,
                    "x17": 7.518647662363946,
                    "x18": 3.7921894947066903,
                    "x19": -0.7217930676415563,
                    "x20": -0.3277427423745394,
                    "x21": 9.648575885221362,
                    "x22": 5.073321484960616,
                    "x23": 0.5359956296160817,
                    "x24": 2.347352048382163,
                    "x25": 13.830298958346248,
                    "x26": 1.4216736098751426,
                    "x27": 7.918404503725469,
                    "x28": 8.594755232334137,
                    "x29": 3.9877758733928204,
                    "x30": 3.0923206033185124,
                    "x31": 2.0579669438302517,
                    "x32": 0.5668694525957108,
                    "x33": 13.61211628653109,
                    "x34": 8.344870847649872,
                    "x35": 11.554952678270638,
                    "x36": 12.287085126154125,
                    "x37": 6.4839162630960345,
                    "x38": 2.2730206651613116,
                    "x39": 8.093606634065509,
                    "x40": 6.581978425383568,
                    "x41": 0.10183443780988455,
                    "x42": 8.463516030460596,
                    "x43": 4.976034066639841,
                    "x44": 6.604419713839889,
                    "x45": 6.594982850365341,
                    "x46": 6.903032907284796,
                    "x47": 6.03372210636735,
                    "x48": 4.907553247176111,
                    "x49": 13.442579191178083
                },
                "name": "8_0"
            },
            [
                {
                    "branin": 29.72379857124723
                },
                {
                    "branin": {
                        "branin": 0.002814567829262154
                    }
                }
            ]
        ],
        "generator_run_type": null,
        "index": 0,
        "fit_time": 0.0,
        "gen_time": 1.9500565830021515,
        "model_key": "FullyBayesian",
        "model_kwargs": {
            "model_constructor": {
                "is_callable_as_path": true,
                "value": "ax.models.torch.fully_bayesian.get_and_fit_model_mcmc"
            },
            "model_predictor": {
                "is_callable_as_path": true,
                "value": "ax.models.torch.fully_bayesian.predict_from_model_mcmc"
            },
            "acqf_constructor": {
                "is_callable_as_path": true,
                "value": "ax.models.torch.fully_bayesian.get_fully_bayesian_acqf"
            },
            "acqf_optimizer": {
                "is_callable_as_path": true,
                "value": "ax.models.torch.botorch_defaults.scipy_optimizer"
            },
            "best_point_recommender": {
                "is_callable_as_path": true,
                "value": "ax.models.torch.botorch_defaults.recommend_best_observed_point"
            },
            "refit_on_cv": false,
            "refit_on_update": true,
            "warm_start_refitting": true,
            "use_input_warping": false,
            "use_saas": null,
            "num_samples": 256,
            "warmup_steps": 512,
            "thinning": 16,
            "max_tree_depth": 6,
            "disable_progbar": false,
            "gp_kernel": "matern",
            "verbose": true,
            "jit_compile": false
        },
        "bridge_kwargs": {
            "transform_configs": {
                "Derelativize": {
                    "use_raw_status_quo": false
                },
                "Winsorize": {
                    "derelativize_with_raw_status_quo": false
                }
            },
            "torch_dtype": {
                "__type": "torch_dtype",
                "value": "torch.float64"
            },
            "torch_device": null,
            "status_quo_name": null,
            "status_quo_features": null,
            "optimization_config": null,
            "fit_out_of_design": false,
            "fit_abandoned": false,