{
    "x0": 0.26015275374615165,
    "x1": 0.1446019765451211,
    "x2": 0.2664265357158172,
    "x3": 0.3711037028507486,
    "x4": 0.28285791053812914,
    "x5": 0.7154614220566577
}