{
    "branin": {
        "x2": 5.980303279459404,
        "x27": 1.9897542062374332
    }
}