{
    "x0": -5.0,
    "x1": 10.0,
    "x2": 5.980303279459404,
    "x3": -5.0,
    "x4": 10.0,
    "x5": -5.0,
    "x6": -5.0,
    "x7": 10.0,
    "x8": -5.0,
    "x9": 10.0,
    "x10": 10.0,
    "x11": 10.0,
    "x12": -5.0,
    "x13": 10.0,
    "x14": -5.0,
    "x15": 10.0,
    "x16": -5.0,
    "x17": 10.0,
    "x18": -5.0,
    "x19": 10.0,
    "x20": 10.0,
    "x21": -5.0,
    "x22": -5.0,
    "x23": 0.7599929276812931,
    "x24": -5.0,
    "x25": 0.0,
    "x26": 0.0,
    "x27": 1.9897542062374332,
    "x28": 15.0,
    "x29": 0.0,
    "x30": 0.0,
    "x31": 15.0,
    "x32": 0.0,
    "x33": 15.0,
    "x34": 15.0,
    "x35": 15.0,
    "x36": 0.0,
    "x37": 15.0,
    "x38": 15.0,
    "x39": 15.0,
    "x40": 15.0,
    "x41": 15.0,
    "x42": 15.0,
    "x43": 0.0,
    "x44": 15.0,
    "x45": 13.982915209591019,
    "x46": 0.0,
    "x47": 0.0,
    "x48": 0.0,
    "x49": 13.524179050281022
}