{
    "x0": 0.5344345444628097,
    "x1": 0.2028697151859521,
    "x2": 0.14852681165935136,
    "x3": 0.23090937053051477,
    "x4": 0.3593030219881669,
    "x5": 0.6739277128755762
}