{
    "x0": 0.24067387620578998,
    "x1": 0.12231116674403161,
    "x2": 0.33769400146487655,
    "x3": 0.3331380910742243,
    "x4": 0.30150123549515795,
    "x5": 0.6885801354706897
}