{
    "x0": 0.11073284223675728,
    "x1": 0.013570357114076614,
    "x2": 0.5661860220134258,
    "x3": 0.3555744048207998,
    "x4": 0.6449327934533358,
    "x5": 0.9124667970463634
}