{
    "x0": 0.17503188554742483,
    "x1": 0.15722400860536365,
    "x2": 0.4747992462710124,
    "x3": 0.2750164111070463,
    "x4": 0.3120775404063313,
    "x5": 0.6615670568932175
}