{
    "branin": {
        "x2": 3.2661895593628287,
        "x27": 14.712259867228568
    }
}