{
    "x0": 8.182433135807514,
    "x1": 0.4682960733771324,
    "x2": 3.2661895593628287,
    "x3": 6.774995643645525,
    "x4": 0.2029837341979146,
    "x5": 3.22233974467963,
    "x6": 6.580736809410155,
    "x7": -2.6284890668466687,
    "x8": -3.399577890522778,
    "x9": 5.848193243145943,
    "x10": 8.920420971699059,
    "x11": 4.167237193323672,
    "x12": 3.6802316177636385,
    "x13": 8.377562290988863,
    "x14": 6.273699230514467,
    "x15": -0.3564469749107957,
    "x16": 6.2278002221137285,
    "x17": -2.3166103661060333,
    "x18": 9.693585755303502,
    "x19": 3.5773158306255937,
    "x20": 8.336335620842874,
    "x21": 3.595487321726978,
    "x22": 3.966078474186361,
    "x23": 5.729718995280564,
    "x24": 6.074150535278022,
    "x25": 13.702270961366594,
    "x26": 14.97238636482507,
    "x27": 14.712259867228568,
    "x28": 2.7877074480056763,
    "x29": 8.643166464753449,
    "x30": 14.287708913907409,
    "x31": 2.2273379378020763,
    "x32": 13.518693870864809,
    "x33": 4.179010740481317,
    "x34": 2.5449981819838285,
    "x35": 8.837228449992836,
    "x36": 13.841504738666117,
    "x37": 5.861765127629042,
    "x38": 5.111302686855197,
    "x39": 10.086756851524115,
    "x40": 0.8860317198559642,
    "x41": 0.52122269757092,
    "x42": 12.738700909540057,
    "x43": 10.950661143288016,
    "x44": 1.516949376091361,
    "x45": 5.656628315337002,
    "x46": 12.122312542051077,
    "x47": 0.0930248899385333,
    "x48": 11.592317721806467,
    "x49": 14.84895518515259
}