{
    "x0": 0.6933238576719419,
    "x1": 0.35655905705897645,
    "x2": 0.2038455415620076,
    "x3": 0.2470414516631969,
    "x4": 0.30334434927280063,
    "x5": 0.473276310570995
}