{
    "x0": 0.16789739222396427,
    "x1": 0.1693504015882778,
    "x2": 0.419737074818833,
    "x3": 0.27552709265302744,
    "x4": 0.315308317120781,
    "x5": 0.628394613641192
}