{
    "branin": {
        "x2": 2.803382915444672,
        "x27": 7.918404503725469
    }
}