{
    "x0": -4.521820610389113,
    "x1": 9.734090617857873,
    "x2": 2.803382915444672,
    "x3": 8.688467196188867,
    "x4": 5.38235972635448,
    "x5": 7.5077233184129,
    "x6": 5.820335638709366,
    "x7": 8.533299826085567,
    "x8": 1.3891104981303215,
    "x9": -3.8484051963314414,
    "x10": 9.67386535834521,
    "x11": 7.877092892304063,
    "x12": 8.737727208063006,
    "x13": -2.3368390277028084,
    "x14": 6.858192416839302,
    "x15": -1.3775655394420028,
    "x16": 4.037129352800548,
    "x17": 7.518647662363946,
    "x18": 3.7921894947066903,
    "x19": -0.7217930676415563,
    "x20": -0.3277427423745394,
    "x21": 9.648575885221362,
    "x22": 5.073321484960616,
    "x23": 0.5359956296160817,
    "x24": 2.347352048382163,
    "x25": 13.830298958346248,
    "x26": 1.4216736098751426,
    "x27": 7.918404503725469,
    "x28": 8.594755232334137,
    "x29": 3.9877758733928204,
    "x30": 3.0923206033185124,
    "x31": 2.0579669438302517,
    "x32": 0.5668694525957108,
    "x33": 13.61211628653109,
    "x34": 8.344870847649872,
    "x35": 11.554952678270638,
    "x36": 12.287085126154125,
    "x37": 6.4839162630960345,
    "x38": 2.2730206651613116,
    "x39": 8.093606634065509,
    "x40": 6.581978425383568,
    "x41": 0.10183443780988455,
    "x42": 8.463516030460596,
    "x43": 4.976034066639841,
    "x44": 6.604419713839889,
    "x45": 6.594982850365341,
    "x46": 6.903032907284796,
    "x47": 6.03372210636735,
    "x48": 4.907553247176111,
    "x49": 13.442579191178083
}