{
    "x0": 10.0,
    "x1": 10.0,
    "x2": 7.478096472169661,
    "x3": 4.673035462195697,
    "x4": 10.0,
    "x5": -5.0,
    "x6": 10.0,
    "x7": 10.0,
    "x8": -5.0,
    "x9": 10.0,
    "x10": 9.349932629776172,
    "x11": 2.6632713590760986,
    "x12": -5.0,
    "x13": 10.0,
    "x14": 3.0119898096285205,
    "x15": 10.0,
    "x16": -5.0,
    "x17": 10.0,
    "x18": -5.0,
    "x19": 10.0,
    "x20": -5.0,
    "x21": -5.0,
    "x22": -5.0,
    "x23": -5.0,
    "x24": -5.0,
    "x25": 0.0,
    "x26": 0.0,
    "x27": 0.0,
    "x28": 15.0,
    "x29": 0.0,
    "x30": 1.80535847227872,
    "x31": 0.0,
    "x32": 0.0,
    "x33": 0.0,
    "x34": 0.0,
    "x35": 6.151329912253479,
    "x36": 0.0,
    "x37": 15.0,
    "x38": 5.11557772318323,
    "x39": 0.0,
    "x40": 5.492047363744312,
    "x41": 15.0,
    "x42": 0.0,
    "x43": 0.0,
    "x44": 15.0,
    "x45": 15.0,
    "x46": 0.0,
    "x47": 0.0,
    "x48": 5.283849236546241,
    "x49": 15.0
}