{
    "x0": 0.19917386535700976,
    "x1": 0.16424383266344086,
    "x2": 0.41594729064704167,
    "x3": 0.2956757181430082,
    "x4": 0.3169485340661738,
    "x5": 0.6723841473201988
}